Date,Open,High,Low,Close,Volume,Dividends,Stock Splits,SMA_20,SMA_50,EMA_12,RSI_14,MACD,MACD_signal,MACD_histogram,BB_upper,BB_middle,BB_lower,OBV
2017-01-03 00:00:00-05:00,42.77422883863932,43.53788776223991,42.597284691374384,43.295753479003906,1739600,0.0,0.0,,,,,,,,,,,1739600.0
2017-01-04 00:00:00-05:00,43.70552791193084,44.12460996556703,43.603085237420146,43.86384582519531,1821300,0.0,0.0,,,,,,,,,,,3560900.0
2017-01-05 00:00:00-05:00,43.8172728678586,43.835899127784714,43.174682887088935,43.342315673828125,1503700,0.0,0.0,,,,,,,,,,,2057200.0
2017-01-06 00:00:00-05:00,43.42613077185199,44.76718947316759,43.36094064035305,44.69268798828125,2883400,0.0,0.0,,,,,,,,,,,4940600.0
2017-01-09 00:00:00-05:00,44.71130948112775,45.22352271842084,44.61818173939935,44.83237838745117,2575300,0.0,0.0,,,,,,,,,,,7515900.0
2017-01-10 00:00:00-05:00,45.018639432408335,45.20489847677236,44.53436733810018,44.795127868652344,1560500,0.0,0.0,,,,,,,,,,,5955400.0
2017-01-11 00:00:00-05:00,44.729934855260254,46.08030839918623,44.65543337387025,45.866111755371094,5624300,0.0,0.0,,,,,,,,,,,11579700.0
2017-01-12 00:00:00-05:00,45.54016349220819,45.54016349220819,44.68337331959304,45.18627166748047,3276900,0.0,0.0,,,,,,,,,,,8302800.0
2017-01-13 00:00:00-05:00,45.26078045795025,45.493603410002656,45.083836293325085,45.34459686279297,1568500,0.0,0.0,,,,,,,,,,,9871300.0
2017-01-17 00:00:00-05:00,45.046575315245164,45.37252951851002,44.86963118382412,45.0000114440918,1938800,0.0,0.0,,,,,,,,,,,7932500.0
2017-01-18 00:00:00-05:00,45.325962870012624,45.381841647909795,44.70199917017487,44.93482208251953,1523500,0.0,0.0,,,,,,,,,,,6409000.0
2017-01-19 00:00:00-05:00,44.73926701824391,44.785830906148355,44.245679859185344,44.36674880981445,1346100,0.0,0.0,,,44.62672265370687,,,,,,,,5062900.0
2017-01-20 00:00:00-05:00,44.54369182092652,44.63681958683266,44.15254738840831,44.34811782836914,1701700,0.0,0.0,,,44.58386037288568,,,,,,,,3361200.0
2017-01-23 00:00:00-05:00,44.32948152849629,44.54368173625939,43.98490460953974,44.1339111328125,2013900,0.0,0.0,,,44.51463741287442,,,,,,,,1347300.0
2017-01-24 00:00:00-05:00,44.487801127184575,44.897568161174256,43.817270023750915,44.096656799316406,2741900,0.0,0.0,,,44.450332703096265,56.935398836965,,,,,,,-1394600.0
2017-01-25 00:00:00-05:00,44.329487969792716,45.09314695660353,44.152543807881614,45.08383560180664,3073200,0.0,0.0,,,44.547794687513246,63.631568104857905,,,,,,,1678600.0
2017-01-26 00:00:00-05:00,45.0931401435289,45.102455049514674,44.62749431692032,44.86031723022461,1895400,0.0,0.0,,,44.595875078699606,61.30712442909779,,,,,,,-216800.0
2017-01-27 00:00:00-05:00,45.000022141350016,45.47498297676917,44.981395877941765,45.307350158691406,1527800,0.0,0.0,,,44.70533278331373,64.12937950928249,,,,,,,1311000.0
2017-01-30 00:00:00-05:00,45.149019928664224,45.214210061635775,44.13391186191263,44.39467239379883,2266500,0.0,0.0,,,44.657538877234515,55.26623597021393,,,,,,,-955500.0
2017-01-31 00:00:00-05:00,44.7392527700205,45.77298709422915,44.71131160409878,45.60535430908203,2552600,0.0,0.0,44.6675443649292,,44.803356635980286,62.642065483239776,,,,46.01298202164777,44.6675443649292,43.322106708210626,1597100.0
2017-02-01 00:00:00-05:00,45.56810662381504,46.387644376744596,45.33528368114384,45.875431060791016,2244600,0.0,0.0,44.79652824401855,,44.968291162874245,64.06547279454486,,,,46.084585358793795,44.79652824401855,43.50847112924331,3841700.0
2017-02-02 00:00:00-05:00,45.52154250058213,45.633296517735374,45.139713018762066,45.54016876220703,1352200,0.0,0.0,44.88034439086914,,45.056272332002365,60.96036899334369,,,,46.13238731753479,44.88034439086914,43.62830146420349,2489500.0
2017-02-03 00:00:00-05:00,45.71710718638483,46.070999007691924,45.68916957374859,45.9871826171875,1191800,0.0,0.0,45.01258773803711,,45.19948929895392,63.50052097604,,,,46.13933969995704,45.01258773803711,43.88583577611718,3681300.0
2017-02-06 00:00:00-05:00,45.75436627037501,45.98718921600725,45.59604481999505,45.88474655151367,952100,0.0,0.0,45.07219066619873,,45.30491349165542,62.496992488036184,,,,46.24991091172265,45.07219066619873,43.89447042067481,2729200.0
2017-02-07 00:00:00-05:00,46.02443900817903,46.359704624284305,45.875432462420726,46.22932434082031,2170700,0.0,0.0,45.14203796386719,,45.44713054537309,64.52775955034569,,,,46.41632210766322,45.14203796386719,43.86775382007116,4899900.0
2017-02-08 00:00:00-05:00,45.97788393557612,46.59253649863733,45.84750362713844,46.49940872192383,2107100,0.0,0.0,45.22725200653076,,45.60901949561167,66.07825013764922,,,,46.6197950396165,45.22725200653076,43.834708973445025,7007000.0
2017-02-09 00:00:00-05:00,46.49940181664723,47.30962472204485,46.49940181664723,47.00230026245117,2557700,0.0,0.0,45.284061431884766,,45.82337038281775,68.81181949334734,,,,46.85721042743219,45.284061431884766,43.71091243633734,9564700.0
2017-02-10 00:00:00-05:00,47.03954820865751,47.114053259414426,46.583217206858606,46.89985656738281,2092500,0.0,0.0,45.369740676879886,,45.988983641981605,67.61645639530174,,,,47.091855727181176,45.369740676879886,43.647625626578595,7472200.0
2017-02-13 00:00:00-05:00,47.15130512433304,47.393439430708696,46.955731145133754,47.04886245727539,1568300,0.0,0.0,45.454953956604,,46.15204192125757,68.47429290034374,,,,47.32588917266932,45.454953956604,43.58401874053868,9040500.0
2017-02-14 00:00:00-05:00,46.78810756857686,47.19787473395715,46.64841235970347,46.927799224853516,3546900,0.0,0.0,45.55134334564209,,46.27138919873387,66.9231561717644,,,,47.51493572297967,45.55134334564209,43.587750968304505,5493600.0
2017-02-15 00:00:00-05:00,47.62625315122869,48.278157999482474,47.14198107974289,48.073272705078125,5724500,0.0,0.0,45.70826587677002,,46.54860204586376,73.12624888987145,,,,47.93384493545487,45.70826587677002,43.48268681808517,11218100.0
2017-02-16 00:00:00-05:00,48.12915171890974,48.12915171890974,47.08610608811666,47.346866607666016,2550400,0.0,0.0,45.8572717666626,,46.671411978448724,64.82394217212708,,,,48.10259134045094,45.8572717666626,43.611952192874256,8667700.0
2017-02-17 00:00:00-05:00,47.16992656046914,48.09190336446135,47.10473642493822,48.08259201049805,2195500,0.0,0.0,46.043995475769044,,46.88851659876401,68.70000413849601,,,,48.37571113808718,46.043995475769044,43.712279813450905,10863200.0
2017-02-21 00:00:00-05:00,48.110532475824535,48.24091275461221,47.65419794747152,47.82183074951172,2037000,0.0,0.0,46.228391456604,,47.03210339118673,65.9271939529497,0.869001077812456,0.6998430574822763,0.16915802033017968,48.50947576709726,46.228391456604,43.947307146110745,8826200.0
2017-02-22 00:00:00-05:00,47.78458527000115,48.166414779745615,47.67282769207857,47.812522888183594,1632400,0.0,0.0,46.414184761047366,,47.15216792918625,65.82506563162553,0.8702818836574551,0.733930822717312,0.13635106094014304,48.57249543663591,46.414184761047366,44.25587408545882,7193800.0
2017-02-23 00:00:00-05:00,47.90564876562326,48.0546553110608,47.68214072376508,47.933589935302734,1006900,0.0,0.0,46.55667247772217,,47.272386699358016,66.55088239847117,0.8710253918969997,0.7613497365532496,0.10967565534375012,48.721123127277835,46.55667247772217,44.3922218281665,8200700.0
2017-02-24 00:00:00-05:00,47.84977011412683,48.2688521034263,47.80320623811489,48.185035705566406,1612700,0.0,0.0,46.722908401489256,,47.412794238774694,68.06776407265993,0.8817400493490553,0.7854277991124107,0.09631225023664458,48.85107620976355,46.722908401489256,44.594740593214965,9813400.0
2017-02-27 00:00:00-05:00,48.18504353847339,48.37129907279863,47.92427939574418,48.110538482666016,1195100,0.0,0.0,46.86306781768799,,47.520139507065664,67.09691873748353,0.874143605932268,0.8031709604763821,0.07097264545588589,48.968979020247176,46.86306781768799,44.75715661512881,8618300.0
2017-02-28 00:00:00-05:00,47.98015005614088,48.10121897501134,47.71007460350521,47.775264739990234,1417800,0.0,0.0,47.03209743499756,,47.55938954290021,62.758557990995534,0.8314847422334992,0.8088337168278056,0.022651025405693637,48.83997005170195,47.03209743499756,45.22422481829317,7200500.0
2017-03-01 00:00:00-05:00,48.0732759621124,48.669302074293284,48.0732759621124,48.464420318603516,2026600,0.0,0.0,47.17505073547363,,47.698625046854566,67.42146780411879,0.843562319769326,0.8157794374161097,0.027782882353216354,48.961066242929206,47.17505073547363,45.38903522801806,9227100.0
2017-03-02 00:00:00-05:00,48.46443357678552,48.501686107136784,47.803217149736284,47.84978103637695,1706400,0.0,0.0,47.27376823425293,,47.7218798144734,60.1838117973835,0.7943805096295335,0.8114996518587945,-0.01711914222926092,48.977916335399,47.27376823425293,45.56962013310685,7520700.0
2017-03-03 00:00:00-05:00,47.84977656972952,48.464429052761936,47.63557986909967,48.40855026245117,1824400,0.0,0.0,47.41718730926514,,47.82752142185459,63.970462707598145,0.791369166333574,0.8074735547537504,-0.016104388420176363,48.99145451998126,47.41718730926514,45.842920098549016,9345100.0
2017-03-06 00:00:00-05:00,48.091921136876934,48.25955399093275,47.663527644333065,47.72871780395508,1883700,0.0,0.0,47.50426406860352,,47.81232086525467,56.882399277476694,0.7257597506366622,0.7911307939303327,-0.0653710432936705,48.93898193934374,47.50426406860352,46.069546197863296,7461400.0
2017-03-07 00:00:00-05:00,47.55174897793663,47.91495212285099,47.36548995288953,47.69144058227539,2233600,0.0,0.0,47.5945987701416,,47.793723898642476,56.512639202029725,0.6631119143796056,0.7655270180201873,-0.1024151036405817,48.82269223044365,47.5945987701416,46.36650530983955,5227800.0
2017-03-08 00:00:00-05:00,47.738020859501155,48.026722625190125,47.44932264640882,47.877716064453125,1517600,0.0,0.0,47.677018356323245,,47.80664577030565,57.982476962792894,0.6213316034758094,0.7366879351113117,-0.1153563316355023,48.73733803523405,47.677018356323245,46.61669867741244,6745400.0
2017-03-09 00:00:00-05:00,47.88702832264397,48.036038438785624,47.61695636862897,47.89634323120117,1259400,0.0,0.0,47.74686508178711,,47.82044537967419,58.13485932201713,0.5830029674544335,0.7059509415799361,-0.12294797412550262,48.66175925664935,47.74686508178711,46.831970906924866,8004800.0
2017-03-10 00:00:00-05:00,48.13847468993617,48.76244207992793,47.94290425307465,48.566871643066406,1860500,0.0,0.0,47.82509365081787,,47.93528018942684,63.29523958607509,0.5998189468177699,0.6847245426275028,-0.08490559580973289,48.73951112288182,47.82509365081787,46.91067617875392,9865300.0
2017-03-13 00:00:00-04:00,48.55754693111066,48.855559980233416,48.41785531266948,48.846248626708984,1376200,0.0,0.0,47.92241325378418,,48.07542917977794,65.2189091441673,0.6284447988965169,0.6734685938813056,-0.0450237949847887,48.83653231472475,47.92241325378418,47.00829419284361,11241500.0
2017-03-14 00:00:00-04:00,48.63206805251123,48.669317031523136,48.389930149650645,48.62275314331055,1203400,0.0,0.0,48.00110778808594,,48.15963286647526,62.40140069440646,0.6258819971612226,0.6639512745372891,-0.03806927737606647,48.8707740068233,48.00110778808594,47.13144156934858,10038100.0
2017-03-15 00:00:00-04:00,49.647155879945934,51.05340461595094,49.37708046655969,50.38287353515625,4118000,0.0,0.0,48.173861503601074,46.414463958740235,48.501669892426186,72.4833679080091,0.757150009998341,0.6825910216294995,0.07455898836884156,49.415274934944264,48.173861503601074,46.932448072257884,14156100.0
2017-03-16 00:00:00-04:00,49.75892501774878,50.33632498380773,49.20015131544612,49.405033111572266,2676900,0.0,0.0,48.24044952392578,46.536649551391605,48.64064884921789,62.462541050009726,0.7733624647842703,0.7007453102604536,0.07261715452381667,49.59119173992846,48.24044952392578,46.8897073079231,11479200.0
2017-03-17 00:00:00-04:00,49.41434425548755,49.85204898632931,49.28396041912579,49.64716720581055,1936900,0.0,0.0,48.35546455383301,46.65231597900391,48.79549782715522,63.797228732143054,0.7965668233189334,0.7199096128721496,0.07665721044678375,49.77238499878834,48.35546455383301,46.93854410887768,13416100.0
2017-03-20 00:00:00-04:00,49.64716021163461,49.945173261856965,49.358458514971055,49.49815368652344,1221400,0.0,0.0,48.426242637634275,46.77543273925781,48.903598728596485,62.32845283124126,0.7937820733580168,0.734684104969323,0.059097968388693745,49.92086004839926,48.426242637634275,46.931625226869286,12194700.0
2017-03-21 00:00:00-04:00,49.61922810162851,50.03831014017532,48.87419534009885,49.04182815551758,1492700,0.0,0.0,48.48724250793457,46.86241554260254,48.92486479427665,57.93008383902026,0.7461523029852302,0.7369777445725044,0.009174558412725742,49.97778724987326,48.48724250793457,46.996697765995876,10702000.0
2017-03-22 00:00:00-04:00,49.16289479621513,49.79617350212472,49.03251451310367,49.47953414916992,1257100,0.0,0.0,48.57059307098389,46.95535865783691,49.01019854118331,60.78841240503871,0.7352490886200087,0.7366320133820052,-0.001382924761996529,50.08710670081788,48.57059307098389,47.0540794411499,11959100.0
2017-03-23 00:00:00-04:00,49.395716065317195,50.08486998192281,49.09770298474242,49.52609634399414,1717900,0.0,0.0,48.650218391418456,47.04997802734375,49.089567433923435,61.091259428822255,0.7220421403298758,0.7337140387715794,-0.011671898441703576,50.19161241139855,48.650218391418456,47.10882437143836,13677000.0
2017-03-24 00:00:00-04:00,50.33631484326878,50.33631484326878,49.20945275749986,49.43296432495117,2015300,0.0,0.0,48.71261482238769,47.12131507873535,49.14239772485078,60.09155280810624,0.6960370808589076,0.726178647189045,-0.030141566330137426,50.27453079947781,48.71261482238769,47.150698845297576,11661700.0
2017-03-27 00:00:00-04:00,48.98594432900992,49.67510178293234,48.81831153082868,49.581974029541016,1446500,0.0,0.0,48.786186599731444,47.20922912597656,49.210024848649276,61.18596887073413,0.6796175140513938,0.7168664205615147,-0.037248906510120916,50.36624615438288,48.786186599731444,47.20612704508001,13108200.0
2017-03-28 00:00:00-04:00,49.62853880561392,49.92655188498208,49.451591097329235,49.76823043823242,1312700,0.0,0.0,48.88583488464356,47.29770179748535,49.29590263166207,62.56776736228692,0.673866313239678,0.7082663990971474,-0.03440008585746934,50.44959909076503,48.88583488464356,47.32207067852209,14420900.0
2017-03-29 00:00:00-04:00,49.600602764772425,49.74960931986095,49.153583099506854,49.47022247314453,1469900,0.0,0.0,48.93612499237061,47.387106018066405,49.322721068813216,58.95156571987245,0.6379082833290255,0.694194775943523,-0.056286492614497474,50.50712016614782,48.93612499237061,47.365129818593395,12951000.0
2017-03-30 00:00:00-04:00,49.479527115172516,49.75891390392184,49.26533045871152,49.656471252441406,1627400,0.0,0.0,49.026459503173825,47.481539001464846,49.37406725090986,60.48856965423573,0.6173238800856211,0.6788205967719426,-0.061496716686321506,50.544068032867614,49.026459503173825,47.50885097348004,14578400.0
2017-03-31 00:00:00-04:00,49.546309931585306,49.6956862661335,49.30357472347426,49.359588623046875,1705600,0.132,0.0,49.074011421203615,47.58139579772949,49.37183976970017,56.83537234984589,0.5704785238596202,0.6571521821894781,-0.08667365832985796,50.57064883417666,49.074011421203615,47.57737400823057,12872800.0
2017-04-03 00:00:00-04:00,49.38761003318974,49.67702474195074,49.228895639412244,49.66769027709961,1550200,0.0,0.0,49.17096004486084,47.687787246704104,49.41735523237701,59.56469254427022,0.5518530516541702,0.6360923560824165,-0.08423930442824634,50.55329695634825,49.17096004486084,47.788623133373434,14423000.0
2017-04-04 00:00:00-04:00,49.66767779286029,49.70502276570502,48.99548252730569,49.12618637084961,2017100,0.0,0.0,49.24269733428955,47.78763275146484,49.37256002291126,53.19799784710103,0.4877746287535629,0.6064288106166458,-0.11865418186308285,50.44805029107231,49.24269733428955,48.03734437750679,12405900.0
2017-04-05 00:00:00-04:00,49.21955073180297,49.68635222641745,49.200878244648855,49.21021270751953,1778300,0.0,0.0,49.30932216644287,47.88990386962891,49.347583512850996,54.01929304554769,0.43871500657144225,0.572886049807605,-0.1341710432361628,50.34019391122166,49.30932216644287,48.278450421664076,14184200.0
2017-04-06 00:00:00-04:00,49.2008725589849,49.69568094644399,48.79008501189069,49.620994567871094,1548200,0.0,0.0,49.39555473327637,47.980647048950196,49.38964675208486,57.908079570856685,0.4280473027636802,0.54391830039882,-0.11587099763513986,50.20368738001559,49.39555473327637,48.58742208653715,15732400.0
2017-04-07 00:00:00-04:00,49.54631320292227,49.54631320292227,49.20088107423701,49.33158493041992,1243600,0.0,0.0,49.433790397644046,48.0700724029541,49.38071416413641,54.416246634525876,0.39172457453911136,0.5134795552268783,-0.12175498068776691,50.148427231947615,49.433790397644046,48.71915356334048,14488800.0
2017-04-10 00:00:00-04:00,49.387596082889125,49.72369014379782,49.1822023000456,49.219547271728516,1025200,0.0,0.0,49.45245532989502,48.148316345214845,49.355919257612115,53.08181665314535,0.3498650218232413,0.48075664854615086,-0.13089162672290955,50.122866579086775,49.45245532989502,48.78204408070326,13463600.0
2017-04-11 00:00:00-04:00,49.200880973683574,49.38760229416883,48.892790260670964,49.32225036621094,1520700,0.0,0.0,49.48743019104004,48.246867904663084,49.35073942816578,54.19079770346846,0.3212748496333546,0.44886028876359163,-0.127585439130237,50.044447068901356,49.48743019104004,48.930413313178725,14984300.0
2017-04-12 00:00:00-04:00,49.34093232477667,49.50898120145669,48.986165639708965,49.06085205078125,1258200,0.0,0.0,49.42132911682129,48.31597785949707,49.30614137010662,50.893563927043,0.27436160295875567,0.41396055160262446,-0.1395989486438688,49.83220673803514,49.42132911682129,49.01045149560744,13726100.0
2017-04-13 00:00:00-04:00,48.94880091366373,49.23821909821191,48.83676956152773,48.85544204711914,864000,0.0,0.0,49.393849563598636,48.37557807922363,49.23680301272393,48.40135086374613,0.21809359911291892,0.37478716110468335,-0.15669356199176443,49.8732162702086,49.393849563598636,48.91448285698867,12862100.0
2017-04-17 00:00:00-04:00,49.13552700942117,50.14381639999465,48.948805696674135,49.91041564941406,1569200,0.0,0.0,49.40701198577881,48.462983016967776,49.340435726060875,59.3982799006251,0.2556810219340022,0.35096593327054715,-0.09528491133654493,49.92627452112137,49.40701198577881,48.887749450436246,14431300.0
2017-04-18 00:00:00-04:00,49.49964151779615,50.04112951558664,49.18221629101775,49.508975982666016,1241000,0.0,0.0,49.407553100585936,48.533418884277346,49.36636499630782,54.627314008431085,0.2501924365183825,0.33081123392011424,-0.08061879740173172,49.92721681761848,49.407553100585936,48.88788938355339,13190300.0
2017-04-19 00:00:00-04:00,49.80771812251309,49.873070046940185,49.43427906313149,49.54631042480469,2095700,0.0,0.0,49.43277721405029,48.60665016174316,49.39404890838426,54.98940793066425,0.24601931299847735,0.31385284973578687,-0.06783353673730952,49.927352918179075,49.43277721405029,48.938201509921505,15286000.0
2017-04-20 00:00:00-04:00,49.78905822781085,49.85441016409192,49.284911666716866,49.60233688354492,1570000,0.0,0.0,49.438917350769046,48.674110412597656,49.42609321225513,55.56252625845599,0.2444154800205851,0.2999653757927465,-0.055549895772161406,49.93868447264162,49.438917350769046,48.93915022889647,16856000.0
2017-04-21 00:00:00-04:00,49.72368657421134,49.84505594276164,49.33157508392735,49.73302459716797,2189400,0.0,0.0,49.44926376342774,48.73878273010254,49.47331342531864,56.93983569942217,0.2507987848423596,0.29013205760266914,-0.03933327276030951,49.96416060959255,49.44926376342774,48.93436691726293,19045400.0
2017-04-24 00:00:00-04:00,50.34921191996422,50.90937231592622,50.330539431910424,50.825347900390625,2257700,0.0,0.0,49.51888294219971,48.81524368286133,49.68131872917587,66.33259052289138,0.34007874546017547,0.3001213951741704,0.039957350286005056,50.30907267766823,49.51888294219971,48.72869320673119,21303100.0
2017-04-25 00:00:00-04:00,51.11475891093006,51.52554290591399,50.890692647312726,51.1707763671875,2181900,0.0,0.0,49.598323059082034,48.90066207885742,49.91046605810074,68.66067408295606,0.43370743850396565,0.32683860384012947,0.10686883466383618,50.66795438332524,49.598323059082034,48.52869173483883,23485000.0
2017-04-26 00:00:00-04:00,51.34816392219048,51.65625461520173,51.17078063802241,51.189453125,1835000,0.0,0.0,49.66938419342041,48.98347389221191,50.10723329916216,68.78635270984798,0.5036106010446346,0.3621930032810305,0.14141759776360413,50.94393419415911,49.66938419342041,48.394834192681714,25320000.0
2017-04-27 00:00:00-04:00,51.282820774881785,51.82430874424999,51.18946188542934,51.7496223449707,1529000,0.0,0.0,49.78335418701172,49.079910354614256,50.35990853697886,72.36583749845244,0.5973247476363355,0.4092193521520915,0.188105395484244,51.34222112870255,49.78335418701172,48.22448724532089,26849000.0
2017-04-28 00:00:00-04:00,51.637578995046056,51.67492040532277,51.198784481228785,51.394840240478516,3078200,0.0,0.0,49.870272636413574,49.146341705322264,50.51912879905573,67.116186612768,0.6356386860875887,0.45450321893919093,0.18113546714839773,51.577903884311326,49.870272636413574,48.16264138851582,23770800.0
2017-05-01 00:00:00-04:00,51.81497439606608,52.272441502800966,51.684270525974206,52.095054626464844,1897000,0.0,0.0,50.007045936584475,49.24130546569824,50.761578926349436,71.50913825348259,0.7142705411797934,0.5064566833873114,0.20781385779248196,51.95099760383027,50.007045936584475,48.063094269338684,25667800.0
2017-05-02 00:00:00-04:00,52.14173307523464,52.25376801438463,51.824307870469575,52.21642303466797,1693100,0.0,0.0,50.13448257446289,49.323982086181644,50.98540109685998,72.20231219943501,0.7774186705681814,0.5606490808234854,0.21676958974469596,52.29485862447692,50.13448257446289,47.974106524448864,27360900.0
2017-05-03 00:00:00-04:00,51.983015698504396,52.52450359046129,51.91766377294775,52.43114471435547,1702600,0.0,0.0,50.299730491638186,49.41616836547851,51.20782319185928,73.43377531896586,0.8351630236473326,0.6155518693882549,0.21961115425907773,52.625584384527876,50.299730491638186,47.9738765987485,29063500.0
2017-05-04 00:00:00-04:00,52.46848600501007,52.98196691036101,52.43114103262498,52.93528747558594,2615600,0.0,0.0,50.4859842300415,49.51862365722656,51.47358692781723,76.1098262154404,0.9111033151477059,0.6746621585401451,0.23644115660756082,53.020280351953815,50.4859842300415,47.95168810812919,31679100.0
2017-05-05 00:00:00-04:00,53.075332061742166,53.17802896724975,52.83259683533487,52.879276275634766,1571500,0.0,0.0,50.64889831542969,49.617537384033206,51.68984682748147,75.20345037877208,0.955749620855336,0.7308796510031833,0.22486996985215268,53.35304712358247,50.64889831542969,47.94474950727691,30107600.0
2017-05-08 00:00:00-04:00,52.888611329096086,53.04732212948149,52.21641603002188,52.58052062988281,2190000,0.0,0.0,50.81134510040283,49.705447082519534,51.82687356631244,70.38846460435438,0.9560048274226389,0.7759046862870744,0.1801001411355645,53.56924919357156,50.81134510040283,48.053441007234106,27917600.0
2017-05-09 00:00:00-04:00,52.67386456844359,53.112658993288974,52.55249877718101,53.09398651123047,1559200,0.0,0.0,51.00506706237793,49.80511604309082,52.021814019376755,73.52579542099289,0.9862703749270594,0.8179778240150715,0.16829255091198791,53.83194670069284,51.00506706237793,48.178187424063026,29476800.0
2017-05-10 00:00:00-04:00,53.07533191062114,53.159356327486925,52.35646069694086,52.533843994140625,1566300,0.0,0.0,51.16564674377442,49.90028762817383,52.10058786164812,65.38696167286643,0.9540594164811651,0.8451941425082902,0.10886527397287493,53.95655385939975,51.16564674377442,48.37473962814909,27910500.0
2017-05-11 00:00:00-04:00,52.40313922919366,52.636539987397825,52.09504851888596,52.496498107910156,1347600,0.0,0.0,51.33742904663086,49.98092918395996,52.16149713030382,64.87137172495466,0.9149712795780403,0.8591495699222402,0.05582170965580002,54.009380921291914,51.33742904663086,48.665477171969805,26562900.0
2017-05-12 00:00:00-04:00,52.43114471435547,52.65521100298742,52.24442340073098,52.43114471435547,1578300,0.0,0.0,51.51621417999267,50.07255645751953,52.202981374004075,63.921488493713206,0.8687062716401428,0.8610609102658208,0.007645361374322035,53.96951017193448,51.51621417999267,49.062918188050865,24984600.0
2017-05-15 00:00:00-04:00,52.34711662546482,52.99130137275099,52.291099166887186,52.93528747558594,1472200,0.0,0.0,51.66745777130127,50.16309120178223,52.31564385117051,67.83423007863271,0.8627754882924705,0.8614038258711507,0.001371662421319808,54.07872273971879,51.66745777130127,49.25619280288375,26456800.0
2017-05-16 00:00:00-04:00,54.50373970379905,54.50373970379905,52.70188577545088,53.05665588378906,1032600,0.0,0.0,51.84484176635742,50.2696499633789,52.4296457023426,68.71390205876385,0.857978474206746,0.8607187555382698,-0.0027402813315238195,54.112550736636905,51.84484176635742,49.57713279607793,27489400.0
2017-05-17 00:00:00-04:00,53.05665605994629,53.05665605994629,51.973673245485365,52.06703567504883,1839700,0.0,0.0,51.97087802886963,50.357161865234374,52.3738595442974,55.407937197349945,0.765498535132302,0.8416747114570763,-0.07617617632477425,53.97890894920101,51.97087802886963,49.96284710853824,25649700.0
2017-05-18 00:00:00-04:00,52.18841044782368,52.533842569386664,51.90832669159179,52.141727447509766,1935000,0.0,0.0,52.09784755706787,50.442442092895504,52.33814691402238,56.098917838268356,0.6902774304112356,0.8113952552479081,-0.12111782483667255,53.78649897343288,52.09784755706787,50.40919614070287,27584700.0
2017-05-19 00:00:00-04:00,52.36578842044184,52.58051666670287,52.151060174180806,52.403133392333984,1654400,0.0,0.0,52.231352996826175,50.53257789611816,52.348144833762625,58.52139576568602,0.6443300028760248,0.7779822047735314,-0.1336522018975066,53.52765973449303,52.231352996826175,50.93504625915932,29239100.0
2017-05-22 00:00:00-04:00,52.767233095869834,52.767233095869834,52.1417173393372,52.356449127197266,4264800,0.0,0.0,52.307908058166504,50.60836944580078,52.349422417367954,57.906849911084066,0.5972644131110201,0.7418386464410291,-0.14457423333000907,53.4325094055697,52.307908058166504,51.18330671076331,24974300.0
2017-05-23 00:00:00-04:00,55.82945494160154,55.99750375523861,54.1489703666434,54.7651481628418,7510600,0.0,0.0,52.48762664794922,50.72674743652344,52.72107253205624,73.41754815391695,0.7457301628552528,0.7426169497238739,0.0031132131313789113,53.931415134675966,52.48762664794922,51.043838161222475,32484900.0
2017-05-24 00:00:00-04:00,54.6157687529598,55.39999531853572,54.21431922764044,55.297298431396484,4060100,0.0,0.0,52.69301891326904,50.86023834228516,53.117414978108584,75.56021083828036,0.896001866695066,0.7732939331181123,0.12270793357695364,54.469977402034544,52.69301891326904,50.91606042450354,36545000.0
2017-05-25 00:00:00-04:00,55.5773838962746,55.73609825377123,55.00788551237305,55.36265563964844,2772200,0.0,0.0,52.87367057800293,50.959833984375,53.462836618345484,75.81801775153052,1.0087389405418534,0.8203829346028606,0.18835600593899282,54.94114101504976,52.87367057800293,50.8062001409561,39317200.0
2017-05-26 00:00:00-04:00,55.297300513022954,55.75476751075174,55.11991724036741,55.55870819091797,1534400,0.0,0.0,53.081863975524904,51.08290748596191,53.78527839874125,76.61491041880355,1.1012096270981147,0.8765482731019114,0.22466135399620324,55.341411188595046,53.081863975524904,50.82231676245476,40851600.0
2017-05-30 00:00:00-04:00,55.58672556015848,56.464311130973805,55.465356168409535,56.36161422729492,2576400,0.0,0.0,53.29519195556641,51.2171964263916,54.18163775698027,79.58240196426794,1.2251582576198672,0.9462702700055026,0.2788879876143646,55.9181887348889,53.29519195556641,50.67219517624392,43428000.0
2017-05-31 00:00:00-04:00,55.50270435525529,56.77240512616538,55.50270435525529,56.33361053466797,2552400,0.0,0.0,53.501051330566405,51.353905563354495,54.51271049200915,79.2048839526937,1.3060731777607373,1.0182308515565495,0.2878423262041878,56.386228758500906,53.501051330566405,50.615873902631904,40875600.0
2017-06-01 00:00:00-04:00,56.025505310646054,56.735045469126675,55.838787590278535,56.69770050048828,2100400,0.0,0.0,53.714379119873044,51.5070230102539,54.848862801005936,80.50006893849866,1.3836282471928385,1.0913103306838072,0.2923179165090313,56.86984849185745,53.714379119873044,50.55890974788864,42976000.0
2017-06-02 00:00:00-04:00,56.76305806385147,57.08982122983795,56.72571309149657,56.772396087646484,1665500,0.0,0.0,53.90623455047607,51.65288024902344,55.14479099895063,80.7647598229601,1.4345815450432227,1.1599645735556903,0.2746169714875324,57.30603597548939,53.90623455047607,50.506433125462756,44641500.0
2017-06-05 00:00:00-04:00,56.76305695191779,56.80040192354114,56.324266000287274,56.389617919921875,1473300,0.0,0.0,54.08175163269043,51.79015068054199,55.33630283294621,75.13626333686157,1.4276187018306672,1.2134953992106856,0.21412330261998158,57.61133159030588,54.08175163269043,50.55217167507497,43168200.0
2017-06-06 00:00:00-04:00,56.14688782406191,56.529664938697074,56.10954284667969,56.10954284667969,1968000,0.0,0.0,54.258202743530276,51.92368225097656,55.45526283505905,71.22501812779767,1.3835521527094201,1.2475067499104324,0.1360454027989877,57.82261619259606,54.258202743530276,50.693789294464494,41200200.0
2017-06-07 00:00:00-04:00,56.25892295136397,56.7350625412479,55.99751521505958,56.6043586730957,1617500,0.0,0.0,54.43372135162353,52.064129943847654,55.63204681014162,73.81812275694861,1.3727325900896759,1.2725519179462812,0.10018067214339466,58.09591000744018,54.43372135162353,50.77153269580688,42817700.0
2017-06-08 00:00:00-04:00,56.60435232110164,56.697711198901494,55.745435687408836,56.15622329711914,3486600,0.0,0.0,54.61484031677246,52.19188980102539,55.712689346599696,67.85419953928516,1.3128633575878723,1.2806142058745995,0.032249151713272806,58.241395876583525,54.61484031677246,50.98828475696139,39331100.0
2017-06-09 00:00:00-04:00,56.30559078975156,56.436294622695776,55.20393911006128,55.27862548828125,2352300,0.0,0.0,54.753946685791014,52.30805786132812,55.64591029147378,57.97579622117095,1.1809880555485321,1.260688975809386,-0.07970092026085385,58.25611034684477,54.753946685791014,51.25178302473726,36978800.0
2017-06-12 00:00:00-04:00,55.213280499763556,55.46535373553332,54.26100501843763,55.0732421875,2579600,0.0,0.0,54.88605155944824,52.4163932800293,55.557807506247045,55.92387099944914,1.0478245435687938,1.2181160893612675,-0.17029154579247363,58.223213773367334,54.88605155944824,51.54888934552915,34399200.0
2017-06-13 00:00:00-04:00,55.14792692837078,55.680080334190315,55.01722308292917,55.3439826965332,1527000,0.0,0.0,55.006486320495604,52.53608116149903,55.524911381675686,58.032502436605974,0.9531506697346828,1.1651230054359505,-0.21197233570126772,58.22510055622194,55.006486320495604,51.78787208476927,35926200.0
2017-06-14 00:00:00-04:00,55.58672375039362,55.810786477113574,55.1292567111034,55.437347412109375,1202800,0.0,0.0,55.125520896911624,52.65147430419922,55.51144000174241,58.76511811276784,0.8755617639022475,1.1072107571292098,-0.2316489932269623,58.22060751711463,55.125520896911624,52.03043427670862,37129000.0
2017-06-15 00:00:00-04:00,55.28796351144146,55.353315427913564,54.91452093610456,55.27862548828125,1091800,0.0,0.0,55.28610038757324,52.77452308654785,55.475622384286844,56.945170631339614,0.7921332453076104,1.0441952547648898,-0.2520620094572794,58.04476671897075,55.28610038757324,52.527434056175736,36037200.0
2017-06-16 00:00:00-04:00,55.428004351970465,55.820119430225496,55.30663853661206,55.55870819091797,2157500,0.0,0.0,55.456949424743655,52.90149299621582,55.48840481607625,59.338261753408275,0.7400846415442857,0.983373132120769,-0.24328849057648338,57.80874217063443,55.456949424743655,53.10515667885288,38194700.0
2017-06-19 00:00:00-04:00,55.624074316870875,56.64169827525658,55.624074316870875,56.529666900634766,2383700,0.0,0.0,55.66327610015869,53.039666442871095,55.648598982931404,66.32592803413431,0.7683272035698678,0.9403639464105888,-0.172036742840721,57.59346583599602,55.66327610015869,53.73308636432136,40578400.0
2017-06-20 00:00:00-04:00,56.52965474209581,56.875086817041044,56.29625401767641,56.32426452636719,1821700,0.0,0.0,55.86166687011719,53.17952003479004,55.75254752807537,63.827075973828684,0.7653133268270267,0.9053538224938764,-0.14004049566684973,57.07350722264106,55.86166687011719,54.64982651759332,38756700.0
2017-06-21 00:00:00-04:00,56.305591883240695,56.51098209839369,55.7080830388152,55.82011795043945,2247900,0.0,0.0,55.91441535949707,53.311531448364256,55.762942977669844,58.04652202054008,0.7140136871188574,0.8670857954188727,-0.15307210830001527,57.017729473856036,55.91441535949707,54.811101245138104,36508800.0
2017-06-22 00:00:00-04:00,55.96017733207278,56.763076694161185,55.65209011255848,56.585693359375,3473200,0.0,0.0,55.978835105895996,53.45680030822754,55.88951995947064,63.45861610010647,0.7267562961843126,0.8390198955719607,-0.11226359938764807,57.080950612580146,55.978835105895996,54.876719599211846,39982000.0
2017-06-23 00:00:00-04:00,56.56700682414412,56.56700682414412,55.549379395286564,55.80145263671875,2879800,0.0,0.0,56.00077495574951,53.591612319946286,55.87597114058573,55.55275679651701,0.6658971852837041,0.8043953535143094,-0.13849816823060523,57.06992912759567,56.00077495574951,54.931620783903355,37102200.0
2017-06-26 00:00:00-04:00,55.82012538811643,55.96950172877315,55.222620025489555,55.306644439697266,1535500,0.0,0.0,55.98817176818848,53.72063636779785,55.78838241737212,51.21718512816686,0.5711550948124682,0.7577473017739411,-0.18659220696147294,57.08349551557025,55.98817176818848,54.89284802080671,35566700.0
2017-06-27 00:00:00-04:00,55.20393215344314,55.614716085418216,54.93318649851298,54.97053146362305,1060300,0.0,0.0,55.91861763000488,53.82183868408203,55.662559193718415,48.451028113662545,0.46360564014319294,0.6989189694477915,-0.23531332930459858,57.08464057268993,55.91861763000488,54.752594687319835,34506400.0
2017-06-28 00:00:00-04:00,55.334650966429926,55.73610054663224,55.269299040481904,55.45602035522461,1191500,0.0,0.0,55.87473812103271,53.940779571533206,55.63078398779629,52.4461115860903,0.41278845031475697,0.6416928656211847,-0.2289044153064277,57.04104137627157,55.87473812103271,54.708434865793855,35697900.0
2017-06-29 00:00:00-04:00,55.53274822554946,55.794741720992555,54.728064371199004,55.018123626708984,1356800,0.132,0.0,55.79075927734375,54.05021583557129,55.53652854762901,48.774350369752426,0.3333383380568762,0.580021960108323,-0.24668362205144678,56.94979239214461,55.79075927734375,54.6317261625429,34341100.0
2017-06-30 00:00:00-04:00,55.20526035871017,55.738599029170445,55.05555132085018,55.495323181152344,1593800,0.0,0.0,55.72690563201904,54.16807556152344,55.53018926047876,52.663629417980154,0.30535957253343327,0.525089482593345,-0.21972991005991171,56.80011714008362,55.72690563201904,54.65369412395446,35934900.0
2017-07-03 00:00:00-04:00,55.75731352308388,56.12222908251932,55.326900482177734,55.326900482177734,1489600,0.0,0.0,55.67376976013183,54.27995307922363,55.49891406381706,51.18648746096286,0.2665235771477583,0.47337630150422766,-0.20685272435646934,56.715236306013615,55.67376976013183,54.63230321425005,34445300.0
2017-07-05 00:00:00-04:00,55.38303421010121,56.18772156149297,55.38303421010121,55.92573165893555,1639000,0.0,0.0,55.664579200744626,54.381960754394534,55.564578309219904,55.92057055000912,0.2808292179157519,0.4348668847865325,-0.15403766687078063,56.69367201665613,55.664579200744626,54.63548638483312,36084300.0
2017-07-06 00:00:00-04:00,55.63566785938767,55.92573065296206,55.27075233900532,55.41110610961914,2249500,0.0,0.0,55.6049165725708,54.46676734924316,55.54096720158902,51.314724263427934,0.2477842576840601,0.397450359366038,-0.14966610168197791,56.54353584427336,55.6049165725708,54.666297300868244,33834800.0
2017-07-07 00:00:00-04:00,55.70115696929999,56.20642618442073,55.5140233957093,55.79472732543945,965400,0.0,0.0,55.58684177398682,54.558872833251954,55.58000722064293,54.33415649920038,0.24967284158297076,0.36789485580942455,-0.11822201422645379,56.49575164152571,55.58684177398682,54.67793190644793,34800200.0
2017-07-10 00:00:00-04:00,55.654380840024054,56.187719446927005,55.56081404101619,56.00994110107422,1146000,0.0,0.0,55.62340755462647,54.64407920837402,55.64615089455544,55.983442086089106,0.26547527726286546,0.34741094010011275,-0.08193566283724729,56.53859719312508,55.62340755462647,54.70821791612786,35946200.0
2017-07-11 00:00:00-04:00,56.13158212081173,56.29064639675034,55.63566808019412,55.953800201416016,2976000,0.0,0.0,55.66743545532226,54.735258407592774,55.693481557149376,55.42113471341155,0.27035226732694184,0.33199920554547857,-0.06164693821853673,56.55688119522536,55.66743545532226,54.77798971541917,32970200.0
2017-07-12 00:00:00-04:00,56.44971527242066,57.06726545202428,56.29064742423388,56.8239860534668,1439400,0.0,0.0,55.74143562316895,54.829837036132815,55.86740532581359,61.82207574280927,0.3405088686253279,0.3337011381614484,0.006807730463879502,56.749308206706075,55.74143562316895,54.73356303963182,34409600.0
2017-07-13 00:00:00-04:00,57.310548205486946,57.366690435632094,56.76785068878604,57.2544059753418,2059600,0.0,0.0,55.832288551330564,54.93059669494629,56.080790041125624,64.53466427543677,0.4259299161895882,0.35214689376707636,0.07378302242251183,57.024811949723244,55.832288551330564,54.63976515293788,36469200.0
2017-07-14 00:00:00-04:00,57.33860608034868,57.694166328207764,57.00175990546581,57.56317138671875,1285500,0.0,0.0,55.94651584625244,55.03323722839355,56.308848709678415,66.3800599844443,0.5126321952037429,0.3842439540544097,0.12838824114933323,57.32774829467847,55.94651584625244,54.565283397826406,37754700.0
2017-07-17 00:00:00-04:00,57.638027144128095,57.86259246232233,57.45089354320165,57.591243743896484,1332700,0.0,0.0,56.04814262390137,55.12635635375977,56.50614025340427,66.55047595576818,0.5769587591611653,0.4227869150757608,0.15417184408540452,57.59003694090028,56.04814262390137,54.50624830690246,39087400.0
2017-07-18 00:00:00-04:00,57.47896450080744,57.58189012584495,57.02983742101674,57.27311325073242,1520100,0.0,0.0,56.08531494140625,55.21423309326172,56.62413609914706,62.673371353354135,0.5954041045829612,0.4573103529772009,0.13809375160576032,57.70570021705546,56.08531494140625,54.46492966575705,37567300.0
2017-07-19 00:00:00-04:00,57.376043898316325,57.675461977720396,57.23569011200721,57.432186126708984,1512200,0.0,0.0,56.14071102142334,55.31126640319824,56.748451488002736,63.80873664520257,0.6157599282296999,0.4890002680277007,0.12675966020199925,57.862560769788736,56.14071102142334,54.41886127305795,39079500.0
2017-07-20 00:00:00-04:00,57.49767893445592,57.59124573815917,56.898842824327716,57.05790710449219,2009400,0.0,0.0,56.20260047912598,55.39054481506348,56.796060044385726,59.24273577585086,0.5948339999330159,0.5101670144087638,0.08466698552425211,57.962469532087866,56.20260047912598,54.44273142616409,37070100.0
2017-07-21 00:00:00-04:00,56.91755910297339,57.63803137194592,56.85205805463098,57.42282485961914,1283200,0.0,0.0,56.24445705413818,55.48832443237305,56.89248540057548,62.09101274226523,0.6007705550960836,0.5282877225462277,0.07248283254985588,58.07709686295453,56.24445705413818,54.411817245321835,38353300.0
2017-07-24 00:00:00-04:00,57.432179422297835,57.61931659241597,57.310539726319355,57.54446029663086,973800,0.0,0.0,56.33160743713379,55.58928367614746,56.99278923073785,63.018715803685176,0.6082784259957563,0.5442858632361334,0.06399256275962295,58.236059855851366,56.33160743713379,54.427155018416215,39327100.0
2017-07-25 00:00:00-04:00,57.609953625550474,57.69416516757711,56.496493075948806,56.646202087402344,1692000,0.0,0.0,56.39858531951904,55.6735848236084,56.93946813176316,52.75200088329407,0.5355727876340168,0.5425432481157101,-0.0069704604816932525,58.2475523278287,56.39858531951904,54.549618311209386,37635100.0
2017-07-26 00:00:00-04:00,56.68364330166122,56.898849832159975,55.57017892599328,55.87895584106445,2520700,0.0,0.0,56.444006538391115,55.73245819091797,56.776312394732585,45.87696603240137,0.411301458296478,0.5162948901518637,-0.10499343185538568,58.19230915671236,56.444006538391115,54.69570392006987,35114400.0
2017-07-27 00:00:00-04:00,55.97251300142318,56.36550141014916,55.76666176021697,56.056724548339844,1945000,0.0,0.0,56.47404174804687,55.79245956420898,56.66560657221063,47.58157648660674,0.32343166457198436,0.47772224503588784,-0.15429058046390348,58.17337329847863,56.47404174804687,54.774710197615114,37059400.0
2017-07-28 00:00:00-04:00,56.05672956840893,56.35614763551663,55.77602557666358,56.215797424316406,1236400,0.0,0.0,56.533925437927245,55.87543479919434,56.59640516484229,49.12564798531713,0.2635915523065151,0.4348961064900133,-0.17130455418349821,58.10325077194082,56.533925437927245,54.96460010391367,38295800.0
2017-07-31 00:00:00-04:00,56.440337806746626,56.7210416921433,55.91635460315422,55.944427490234375,1038700,0.0,0.0,56.556380653381346,55.95148880004883,56.4961009072103,46.603600818512064,0.19205663710273058,0.3863282126125568,-0.1942715755098262,58.0777378414483,56.556380653381346,55.035023465314396,37257100.0
2017-08-01 00:00:00-04:00,56.17836345794553,56.41228402174176,55.96315696757434,56.08479309082031,1323600,0.0,0.0,56.594275283813474,56.025121994018555,56.43282278161184,48.08815156627855,0.14501933962966973,0.33806643801597935,-0.19304709838630962,58.026385038398985,56.594275283813474,55.16216552922796,38580700.0
2017-08-02 00:00:00-04:00,56.14093823428565,56.44971510785969,55.69181115673273,56.32807540893555,1121500,0.0,0.0,56.61439247131348,56.10455451965332,56.416707801200104,50.649166491609435,0.12592125058014147,0.29563740052881177,-0.1697161499486703,58.019419838750885,56.61439247131348,55.209365103876074,39702200.0
2017-08-03 00:00:00-04:00,56.28130057387653,56.55264577060688,56.11287744799134,56.48714828491211,982900,0.0,0.0,56.66819458007812,56.13899452209473,56.42754479869426,52.306002822267914,0.12221293444453352,0.26095250731195613,-0.1387395728674226,57.962868994194494,56.66819458007812,55.37352016596175,40685100.0
2017-08-04 00:00:00-04:00,56.62748873918952,56.83333997107556,56.1502888051527,56.2625732421875,778800,0.0,0.0,56.691586875915526,56.15830001831055,56.40216455923168,49.765812498855645,0.10000000033810608,0.22876200591718612,-0.12876200557908005,57.93830647771603,56.691586875915526,55.44486727411502,39906300.0
2017-08-07 00:00:00-04:00,56.29064161565943,56.97368920069676,56.15028785640963,56.95497512817383,975700,0.0,0.0,56.738838577270506,56.190146408081056,56.48721233906893,56.74123164651081,0.13669144172556003,0.2103478930788609,-0.07365645135330087,57.949757795965105,56.738838577270506,55.52791935857591,40882000.0
2017-08-08 00:00:00-04:00,56.767852696451065,57.057915541774996,56.21580347588649,56.271942138671875,1162300,0.0,0.0,56.754745674133304,56.204411087036135,56.454093846700154,49.447008131679745,0.10939359816029537,0.19015703409514778,-0.08076343593485241,57.931883991342154,56.754745674133304,55.57760735692445,39719700.0
2017-08-09 00:00:00-04:00,56.206430078266415,56.356139089116915,55.560810638225696,55.841514587402344,1965000,0.0,0.0,56.70562210083008,56.19400909423828,56.35985088373126,45.479321609065984,0.05242364713853931,0.1626103567038261,-0.11018670956528678,57.94733119460201,56.70562210083008,55.463913007058146,37754700.0
2017-08-10 00:00:00-04:00,55.5327408739269,55.67309464109606,54.4754224868056,54.80290985107422,2471500,0.0,0.0,56.5830472946167,56.1633950805664,56.12032149409172,37.63247691749082,-0.07566001023104718,0.11495628331685143,-0.1906162935478986,58.04782481150163,56.5830472946167,55.11826977773177,35283200.0
2017-08-11 00:00:00-04:00,54.924553404783204,55.86023573341888,54.91519458266375,55.514034271240234,1511600,0.0,0.0,56.480590438842775,56.13972175598145,56.027046536729955,44.6714649625307,-0.11842035772695425,0.06828095510809029,-0.18670131283504454,57.943468651968374,56.480590438842775,55.017712225717176,36794800.0
2017-08-14 00:00:00-04:00,55.953800601312274,56.17836592292166,55.71988002725215,55.785377502441406,2409800,0.0,0.0,56.39029712677002,56.119981384277345,55.989866685300946,47.1237473728986,-0.128926920851832,0.02883937991610583,-0.15776630076793782,57.78935223297544,56.39029712677002,54.991242020564606,39204600.0
2017-08-15 00:00:00-04:00,55.86023961361732,56.02866273001844,55.308186858601445,55.560821533203125,2933300,0.0,0.0,56.30468254089355,56.103405456542966,55.923859738824355,45.33303274646519,-0.15360260265983072,-0.00764901659908148,-0.14595358606074924,57.686626407793035,56.30468254089355,54.92273867399407,36271300.0
2017-08-16 00:00:00-04:00,58.152650294243465,58.40528134781347,56.85204903494123,58.14329147338867,6892000,0.0,0.0,56.34023780822754,56.14408042907715,56.26531077491117,62.82758120058136,0.03482405329069849,0.0008455973788745134,0.033978455911823975,57.86554297023299,56.34023780822754,54.8149326462221,43163300.0
2017-08-17 00:00:00-04:00,58.012302555257946,58.07780003065986,56.87076900794805,56.94562530517578,3501600,0.0,0.0,56.33462371826172,56.15090576171875,56.369974548798034,54.169566714818416,0.08651459877010836,0.017979397657121282,0.06853520111298708,57.8501166168768,56.33462371826172,54.81913081964664,39661700.0
2017-08-18 00:00:00-04:00,56.852064713667744,57.75032258820055,56.402937561074005,57.310550689697266,2357900,0.0,0.0,56.329010009765625,56.17399230957031,56.514678570474835,56.15231513143212,0.1551378249192794,0.04541108310955291,0.1097267418097265,57.82909101316591,56.329010009765625,54.82892900636534,42019600.0
2017-08-21 00:00:00-04:00,57.16082900281758,58.01229971063538,57.039189310459456,57.76902389526367,1486100,0.0,0.0,56.34023818969727,56.22380027770996,56.7076547742885,58.57697079980919,0.2437078694982091,0.08507044038728415,0.15863742911092496,57.87939472714974,56.34023818969727,54.8010816522448,43505700.0
2017-08-22 00:00:00-04:00,57.89067418867949,58.96671047121498,57.871960110709395,58.91056823730469,1666400,0.0,0.0,56.453456497192384,56.30054679870605,57.046564537829454,63.92585247764209,0.4013864232257305,0.14833363695497342,0.25305278627075706,58.35617188199378,56.453456497192384,54.55074111239099,45172100.0
2017-08-23 00:00:00-04:00,58.685993242114556,59.29418457730867,58.57370879954628,58.7327766418457,1445700,0.0,0.0,56.596147537231445,56.368322677612305,57.30598178460119,62.57067828165146,0.5061667420556901,0.21990025797511675,0.28626648408057337,58.72027859898742,56.596147537231445,54.47201647547547,43726400.0
2017-08-24 00:00:00-04:00,58.826353205325475,59.08834671212595,58.33979791480481,58.64857482910156,1584500,0.0,0.0,56.72574005126953,56.43254722595215,57.51253456067817,61.901388973969176,0.5757743487599001,0.2910750761320734,0.2846992726278267,59.01245210446525,56.72574005126953,54.43902799807382,42141900.0
2017-08-25 00:00:00-04:00,59.00413256197564,59.07898529681633,58.63921343308777,58.85442352294922,1352800,0.0,0.0,56.85767135620117,56.50406318664551,57.71897901641218,62.94491245393209,0.6401696703449531,0.36089399497464936,0.27927567537030373,59.30995170422633,56.85767135620117,54.40539100817602,43494700.0
2017-08-28 00:00:00-04:00,59.04155648358718,59.49068716498219,58.91992034466499,59.37840270996094,1290400,0.0,0.0,57.0293701171875,56.58045707702637,57.974274969265835,65.53282378213575,0.7251253740225536,0.4337402707842302,0.2913851032383234,59.67507824300881,57.0293701171875,54.38366199136618,44785100.0
2017-08-29 00:00:00-04:00,58.98541728800772,59.53747002745831,58.96670321234134,59.40647506713867,1206600,0.0,0.0,57.19545421600342,56.637993240356444,58.194613445861656,65.67115184885252,0.7856619638123732,0.5041246093898588,0.2815373544225144,59.99565353254944,57.19545421600342,54.3952548994574,45991700.0
2017-08-30 00:00:00-04:00,59.322262734852615,59.818173240813195,59.31290391246944,59.790103912353516,1072500,0.0,0.0,57.36855564117432,56.70731002807617,58.440073517629635,67.5856667560553,0.854740374077231,0.5742477623273332,0.2804926117498978,60.354729113892176,57.36855564117432,54.38238216845646,47064200.0
2017-08-31 00:00:00-04:00,59.883680499069904,60.66029869382806,59.790113676028305,60.557373046875,1930100,0.0,0.0,57.57206687927246,56.80205513000488,58.765811906744304,71.06176981787344,0.9603276592428429,0.6514637417104352,0.3088639175324077,60.83241965418499,57.57206687927246,54.311714104359936,48994300.0
2017-09-01 00:00:00-04:00,60.72577842495823,60.98776830833383,60.080155399004866,60.239219665527344,1224600,0.0,0.0,57.77089920043945,56.87512565612793,58.99249002348016,67.81426282124929,1.0067290783477887,0.7225168090379059,0.28421226930988275,61.16965619808604,57.77089920043945,54.372142202792865,47769700.0
2017-09-05 00:00:00-04:00,59.902375827338794,60.332795953893985,59.705886976485175,60.15501403808594,910200,0.0,0.0,57.93090114593506,56.962196884155276,59.171339871881045,66.94228811994302,1.0248935124563658,0.7829921497215979,0.24190136273476792,61.459753782738794,57.93090114593506,54.402048509131326,46859500.0
2017-09-06 00:00:00-04:00,60.407642758122385,60.64156331668226,59.930449958516256,60.547996520996094,974500,0.0,0.0,58.14470386505127,57.06702392578125,59.38313320251413,68.94895733078923,1.0587942385290674,0.8381525674830919,0.22064167104597554,61.76262635791212,58.14470386505127,54.52678137219042,47834000.0
2017-09-07 00:00:00-04:00,60.678987768247794,61.05326206689365,60.34214161333537,60.95033645629883,1075800,0.0,0.0,58.40014495849609,57.18662002563477,59.624241395404084,70.89677687324154,1.1053840986554277,0.8915988737175591,0.21378522493786867,62.05277979285161,58.40014495849609,54.747510124140575,48909800.0
2017-09-08 00:00:00-04:00,60.95970173637515,61.45561220068645,60.66028369346894,60.83805847167969,1587700,0.0,0.0,58.70190238952637,57.294260787963864,59.81098248406187,69.58495747974924,1.120332507689021,0.9373456005118515,0.18298690717716948,62.1045741956749,58.70190238952637,55.299230583377835,47322100.0
2017-09-11 00:00:00-04:00,61.287200510780515,62.00767285667729,61.17491604678636,61.857967376708984,1770000,0.0,0.0,59.0190990447998,57.431057662963866,60.12590323677681,74.24655111172613,1.20063715667564,0.9900039117446091,0.21063324493103086,62.35606910169846,59.0190990447998,55.682128987901145,49092100.0
2017-09-12 00:00:00-04:00,62.007656777501396,62.14801053642638,61.65210010842165,61.88602066040039,1081900,0.0,0.0,59.32413120269776,57.55887161254883,60.3966905327189,74.36294258436558,1.2521092985217308,1.0424249891000335,0.20968430942169736,62.53592939039965,59.32413120269776,56.11233301499586,50174000.0
2017-09-13 00:00:00-04:00,61.670828066856416,61.960887315452254,61.202986884636076,61.231056213378906,2042600,0.0,0.0,59.60764293670654,57.67695472717285,60.52505448358967,66.77508892647982,1.2259195472310864,1.079123900726244,0.14679564650484234,62.41636233365877,59.60764293670654,56.79892353975431,48131400.0
2017-09-14 00:00:00-04:00,61.109422343346125,61.633409402395365,60.96907567802946,61.45562744140625,1481000,0.0,0.0,59.77325973510742,57.78755264282226,60.66821955402299,67.98147086950516,1.209344432105489,1.105168007002093,0.10417642510339586,62.60757327800663,59.77325973510742,56.93894619220821,49612400.0
2017-09-15 00:00:00-04:00,61.45561188227368,61.876666049004555,61.39947323036002,61.71760177612305,2296000,0.0,0.0,60.01185855865479,57.913682556152345,60.82966297280761,69.37828871230246,1.203474765393544,1.1248293586803833,0.07864540671316078,62.650533522664865,60.01185855865479,57.37318359464471,51908400.0
2017-09-18 00:00:00-04:00,61.83923525789915,62.03573480857511,61.47431975868191,61.82988357543945,1562000,0.0,0.0,60.23782520294189,58.034385681152344,60.9835430655202,69.98271740346478,1.1941181641784482,1.1386871197799961,0.055431044398452034,62.67913469174645,60.23782520294189,57.796515714137335,53470400.0
2017-09-19 00:00:00-04:00,61.98895694978251,62.176090568117196,61.75503635751918,61.914100646972656,1238000,0.0,0.0,60.44507904052735,58.152468872070315,61.12670577035904,70.45379534752641,1.1798974804521336,1.1469291919144236,0.032968288537710055,62.710285278564655,60.44507904052735,58.17987280249004,54708400.0
2017-09-20 00:00:00-04:00,62.04508462538335,62.09187159103057,61.5398153788859,61.8392333984375,1186000,0.0,0.0,60.591512298583986,58.27017753601074,61.236325405448035,69.4109360474201,1.1493374778722796,1.1474108491059947,0.0019266287662849102,62.81933120915051,60.591512298583986,58.36369338801746,53522400.0
2017-09-21 00:00:00-04:00,61.642751444820725,61.88603085779832,61.408830854297236,61.680179595947266,874800,0.0,0.0,60.73888244628906,58.36730140686035,61.30461066552484,67.13729434147248,1.0996085402920102,1.1378503873431978,-0.038241847051187605,62.84182441055809,60.73888244628906,58.63594048202003,52647600.0
2017-09-22 00:00:00-04:00,61.61467273227493,62.007657551217484,61.48367779262741,61.54917526245117,1296200,0.0,0.0,60.88391246795654,58.45319679260254,61.34223598812889,65.24169881137524,1.037665482361433,1.1178134063468448,-0.0801479239854117,62.7801370799249,60.88391246795654,58.987687855988185,51351400.0
2017-09-25 00:00:00-04:00,61.56790271888236,61.66146952801885,60.29537412629427,60.56672286987305,1841800,0.0,0.0,60.96952743530274,58.513267822265625,61.22292627762799,53.12711248100502,0.8989370782231347,1.0740381407221027,-0.17510106249896795,62.631666076073415,60.96952743530274,59.30738879453206,49509600.0
2017-09-26 00:00:00-04:00,60.49185677841738,60.72577733275102,59.799450367078265,59.98658752441406,1615200,0.0,0.0,60.99993667602539,58.56117469787598,61.03272031559508,47.51626898265841,0.7337238328562492,1.005975279148932,-0.27225144629268283,62.56387547560222,60.99993667602539,59.43599787644857,47894400.0
2017-09-27 00:00:00-04:00,60.13630029761899,60.50122297445684,59.930456181211795,60.24858474731445,1272500,0.0,0.0,61.04204216003418,58.620684127807614,60.912084074321136,50.080371206927374,0.6168217942063734,0.9281445821604203,-0.3113227879540469,62.47169073435117,61.04204216003418,59.612393585717186,49166900.0
2017-09-28 00:00:00-04:00,60.11759439393326,60.46379945297855,59.85560446327854,59.864959716796875,1126200,0.0,0.0,61.04578495025635,58.66933959960937,60.750988019317404,46.49823547136922,0.4876000031521457,0.8400356663587654,-0.3524356632066197,62.46263841923777,61.04578495025635,59.628931481274925,48040700.0
2017-09-29 00:00:00-04:00,59.88367858523924,60.145668536859134,59.62168863361934,60.0708122253418,1672800,0.0,0.0,61.02145690917969,58.72959770202637,60.646345589475004,48.62190252000506,0.3972224467040988,0.7514730224278321,-0.3542505757237333,62.48689590948815,61.02145690917969,59.55601790887123,49713500.0
2017-10-02 00:00:00-04:00,60.27894603438289,61.0102806689227,60.20393551971307,60.82276153564453,1693900,0.132,0.0,61.05063400268555,58.79759643554687,60.673486504270315,55.560954351697454,0.38187162869397895,0.6775527436810614,-0.2956811149870825,62.47528245114793,61.05063400268555,59.62598555422316,51407400.0
2017-10-03 00:00:00-04:00,61.000904196554075,61.67598453983195,61.000904196554075,61.08529281616211,1216400,0.0,0.0,61.097147941589355,58.8684130859375,60.736841321484434,57.70854693312529,0.3864354873462119,0.6193292924140915,-0.2328938050678796,62.46125286355501,61.097147941589355,59.7330430196237,52623800.0
2017-10-04 00:00:00-04:00,61.08530609361524,61.76038658362807,61.08530609361524,61.72288131713867,745600,0.0,0.0,61.15589218139648,58.969946670532224,60.888539782354314,62.454167505864596,0.43646909762348685,0.5827572534559706,-0.14628815583248378,62.52153257703336,61.15589218139648,59.7902517857596,53369400.0
2017-10-05 00:00:00-04:00,61.741629439570744,61.8728942935986,61.43221636076307,61.60098648071289,1974100,0.0,0.0,61.18842468261719,59.08438728332519,60.99814696671717,61.04386605680918,0.46097140820991456,0.5584000844067594,-0.09742867619684481,62.56389238179639,61.18842468261719,59.812956983437985,51395300.0
2017-10-06 00:00:00-04:00,61.582239069626915,62.23856335729996,61.56349001286407,62.21981430053711,1405100,0.0,0.0,61.25751247406006,59.207649078369144,61.18609578730486,65.32480158377328,0.5242803219805836,0.5515761319215242,-0.027295809940940607,62.69313795175872,61.25751247406006,59.82188699636139,52800400.0
2017-10-09 00:00:00-04:00,62.34170475605487,62.60423448671821,61.90102678527055,62.4073371887207,1542300,0.0,0.0,61.28498096466065,59.33147987365723,61.37397907983037,66.52526551241712,0.5828657090693383,0.557834047351087,0.02503166171825133,62.785085160101076,61.28498096466065,59.78487676922022,54342700.0
2017-10-10 00:00:00-04:00,62.51984619298284,62.68861630910125,62.08854637476867,62.4448356628418,1143100,0.0,0.0,61.31292171478272,59.461488037109376,61.53872624644751,66.77298800675686,0.6251149281249511,0.5712902235058598,0.05382470461909128,62.87624915844792,61.31292171478272,59.749594271117516,55485800.0
2017-10-11 00:00:00-04:00,62.51984303266285,62.791750825631034,62.20105187237696,62.46358871459961,1794800,0.0,0.0,61.37454833984375,59.58906394958496,61.68101278000937,66.90489115363472,0.6525883212218488,0.5875498430490576,0.06503847817279129,63.01536150692922,61.37454833984375,59.73373517275828,57280600.0
2017-10-12 00:00:00-04:00,62.49170342217256,63.38242999655184,62.38856575734177,63.326175689697266,1455000,0.0,0.0,61.4680757522583,59.72902595520019,61.9341147661152,72.34338372757976,0.7354865124454832,0.6171371769283427,0.11834933551714055,63.31678704399278,61.4680757522583,59.61936446052382,58735600.0
2017-10-13 00:00:00-04:00,63.41057486541142,63.58872309141616,62.716745324579506,62.81050491333008,943100,0.0,0.0,61.522720909118654,59.85549308776856,62.06894401953287,65.42200111491185,0.7509174947772124,0.6438932404981166,0.10702425427909579,63.46018307150935,61.522720909118654,59.58525874672796,57792500.0
2017-10-16 00:00:00-04:00,63.00739332939449,63.16679247657788,62.604220716442775,62.73549270629883,1473400,0.0,0.0,61.56800136566162,59.98495147705078,62.17148997134302,64.45594769032988,0.7484659516582397,0.6648077827301412,0.08365816892809852,63.57320750404429,61.56800136566162,59.562795227278954,56319100.0
2017-10-17 00:00:00-04:00,62.5198485475006,62.5198485475006,61.87289521911593,61.994789123535156,1711800,0.0,0.0,61.572035789489746,60.08574775695801,62.14430522552642,55.70824555480576,0.6789282351860635,0.6676318732213257,0.011296361964737822,63.58033336869802,61.572035789489746,59.56373821028147,54607300.0
2017-10-18 00:00:00-04:00,62.23854978396412,62.42607607768692,61.947892970439604,62.2948112487793,1150500,0.0,0.0,61.594814682006835,60.206205139160154,62.16745999833456,58.183781657426,0.6406434332950184,0.6622341852360643,-0.02159075194104587,63.62493428817359,61.594814682006835,59.56469507584008,55757800.0
2017-10-19 00:00:00-04:00,62.2948195343943,62.791751760410776,61.938523105629564,62.70736312866211,1359100,0.0,0.0,61.64617385864258,60.34352210998535,62.25052201838495,61.3802187453666,0.636257559743747,0.6570388601376008,-0.02078130039385384,63.73349988271437,61.64617385864258,59.558847834570784,57116900.0
2017-10-20 00:00:00-04:00,62.99802119909443,63.31680518069537,62.88550541849572,63.05427551269531,1506100,0.0,0.0,61.721428871154785,60.50854942321777,62.374176402125,63.880501010766736,0.6532444579983192,0.6562799797097445,-0.003035521711425293,63.89604262334886,61.721428871154785,59.54681511896071,58623000.0
2017-10-23 00:00:00-04:00,63.2417994978111,63.457452972105244,62.7542453847164,62.838626861572266,1267600,0.0,0.0,61.83502407073975,60.655041275024416,62.44563031896304,61.22691461822078,0.6419061587292774,0.653405215513651,-0.011499056784373685,63.99379376059437,61.83502407073975,59.676254380885126,57355400.0
2017-10-24 00:00:00-04:00,63.11054834648552,63.3355799737199,62.70737562277273,63.11992645263672,1975700,0.0,0.0,61.99169101715088,60.80173225402832,62.54936818568207,63.3647353726245,0.6481475593443804,0.6523536842797969,-0.0042061249354165,64.04326595813828,61.99169101715088,59.94011607616348,59331100.0
2017-10-25 00:00:00-04:00,63.66374926803699,64.24506315317716,62.848025623321135,63.18556594848633,1795000,0.0,0.0,62.13854007720947,60.954227142333984,62.647244764575035,63.86539782744385,0.6508874477078166,0.6520604369654008,-0.0011729892575842449,64.0879206787015,62.13854007720947,60.18915947571745,61126100.0
2017-10-26 00:00:00-04:00,63.31682175006271,63.59810769847069,63.0074086374937,63.485591888427734,1417900,0.0,0.0,62.31957168579102,61.06107315063477,62.77622124516776,66.1429732113275,0.6695502563330962,0.6555584008389399,0.013991855494156269,64.05106559037723,62.31957168579102,60.5880777812048,62544000.0
2017-10-27 00:00:00-04:00,63.57933762574473,63.76686393493345,63.2042993141618,63.7293586730957,1441000,0.0,0.0,62.50249900817871,61.19674781799316,62.92285777254129,67.9126105583723,0.6959876959835896,0.6636442598678698,0.03234343611571977,64.00261152670492,62.50249900817871,61.0023864896525,63985000.0
2017-10-30 00:00:00-04:00,63.56996467142792,63.69185140351043,62.9136333400527,63.279300689697266,846600,0.0,0.0,62.625325965881345,61.31612281799316,62.97769514441144,61.519304446704396,0.6728672446582138,0.6654888568259386,0.0073783878322751795,63.94682976732971,62.625325965881345,61.30382216443298,63138400.0
2017-10-31 00:00:00-04:00,63.51370242759299,63.91687503296615,63.326183280004194,63.78561019897461,1614400,0.0,0.0,62.760341835021975,61.43645454406738,63.10198976819039,65.45883402182014,0.6874742907170628,0.6698859436041634,0.01758834711289936,63.97210362573242,62.760341835021975,61.54858004431153,64752800.0
2017-11-01 00:00:00-04:00,63.94499612187488,64.17002766170401,63.607455965527464,63.77622604370117,1357300,0.0,0.0,62.8630090713501,61.53376770019531,63.20571842596128,65.32534457134774,0.6903354991377384,0.6739758547108784,0.01635964442686,64.05353150777076,62.8630090713501,61.67248663492944,63395500.0
2017-11-02 00:00:00-04:00,63.83249161959726,64.11377033241872,63.57933290932154,63.87936782836914,1856900,0.0,0.0,62.97692813873291,61.636699523925785,63.309356795562486,66.14259744655968,0.692937950105943,0.6777682737898914,0.015169676316051595,64.09652193860296,62.97692813873291,61.85733433886286,65252400.0
2017-11-03 00:00:00-04:00,63.84184861995172,64.38566402733899,63.766845271625506,64.10438537597656,1072300,0.0,0.0,63.071156692504886,61.74581573486328,63.43166888485696,67.91906681978531,0.7050302963989381,0.6832206783117007,0.02180961808723736,64.23630127017985,63.071156692504886,61.90601211482992,66324700.0
2017-11-06 00:00:00-05:00,64.01064422261169,64.17941434215349,63.635605871094825,63.963768005371094,995700,0.0,0.0,63.1489782333374,61.84800262451172,63.51353028801298,65.60256741658597,0.695252483487323,0.6856270393468252,0.009625444140497819,64.33411824298524,63.1489782333374,61.963838223689564,65329000.0
2017-11-07 00:00:00-05:00,64.05751855651235,64.35755348743805,63.79498888612699,63.991886138916016,956500,0.0,0.0,63.22633075714111,61.94027229309082,63.58712349584422,65.85336342180057,0.6819117406229793,0.684883979602056,-0.0029722389790767245,64.41946050123998,63.22633075714111,62.03320101304225,66285500.0
2017-11-08 00:00:00-05:00,63.851263373044986,64.06691690093504,63.54185024088071,63.86064147949219,977600,0.0,0.0,63.29618339538574,62.02935562133789,63.629203185636214,63.525163799967366,0.6532188582467597,0.6785509553309967,-0.025332097084237004,64.46586538455237,63.29618339538574,62.126501406219106,65307900.0
2017-11-09 00:00:00-05:00,63.68248463576171,63.73874611345823,62.735503460883066,63.260562896728516,1665000,0.0,0.0,63.2929027557373,62.09876480102539,63.57248929503503,54.10624934276013,0.5754250736204582,0.657925778988889,-0.0825007053684308,64.46259791338997,63.2929027557373,62.123207598084626,63642900.0
2017-11-10 00:00:00-05:00,63.14804159700599,63.36369507703799,62.53859357437403,62.64173126220703,1704300,0.0,0.0,63.284464073181155,62.14045196533203,63.42929575152303,46.456448509247,0.45855249004976173,0.6180511212010635,-0.1594986311513018,64.4702824587304,63.284464073181155,62.09864568763191,61938600.0
2017-11-13 00:00:00-05:00,62.30416700695343,63.18552248906031,62.116647912349585,62.941741943359375,1536400,0.0,0.0,63.29477653503418,62.194502410888674,63.354287473344,50.13713494940176,0.38569245765695115,0.5715793884922411,-0.18588693083528995,64.46480116526713,63.29477653503418,62.12475190480123,63475000.0
2017-11-14 00:00:00-05:00,62.80112609576609,63.56996607265771,62.71673746908189,63.25117492675781,2426200,0.0,0.0,63.35759582519531,62.25642562866211,63.33842400463843,53.67432181685206,0.34889714368688374,0.5270429395311697,-0.17814579584428591,64.36534547095319,63.35759582519531,62.349846179437435,65901200.0
2017-11-15 00:00:00-05:00,63.09178179956508,63.344933368285446,62.7354925519668,63.110530853271484,2042300,0.0,0.0,63.39838180541992,62.30767631530762,63.30336351981275,51.8731188611791,0.304873400170834,0.4826090316591025,-0.17773563148826854,64.29012805446605,63.39838180541992,62.506635556373794,63858900.0
2017-11-16 00:00:00-05:00,63.28867481053318,64.64820644510452,63.24179144931489,64.45130920410156,2300400,0.0,0.0,63.485579109191896,62.37769577026367,63.47997054816487,64.20519762875462,0.37386420004446563,0.46086006533617513,-0.0869958652917095,64.42952177302327,63.485579109191896,62.54163644536052,66159300.0
2017-11-17 00:00:00-05:00,64.25441883459898,64.77947820009113,64.0293944141591,64.49819946289062,1823100,0.0,0.0,63.55777530670166,62.45089859008789,63.63662115043037,64.54734067156215,0.4273967938084695,0.454167411030634,-0.026770617222164506,64.5766246707097,63.55777530670166,62.5389259426936,67982400.0
2017-11-20 00:00:00-05:00,64.95762445174829,65.84835830955558,64.6482114120869,65.59519958496094,4143500,0.0,0.0,63.695603942871095,62.52564323425293,63.93794090958892,71.42809014210091,0.5519776471641222,0.47372945825733165,0.07824818890679058,64.9951622276146,63.695603942871095,62.39604565812758,72125900.0
2017-11-21 00:00:00-05:00,65.67958942480739,66.3921679401461,63.47619999867625,65.54832458496094,5330000,0.0,0.0,63.817023849487306,62.59888931274414,64.18569224426153,70.7958038976547,0.6395540690562811,0.5068943804171215,0.13265968863915956,65.31706198284517,63.817023849487306,62.31698571612944,66795900.0
2017-11-22 00:00:00-05:00,64.82636352876807,65.04201700520774,64.03877445668769,64.4044418334961,3041600,0.0,0.0,63.87796764373779,62.662357025146484,64.2193460272207,57.43465942969381,0.6096298032531564,0.5274414649843285,0.08218833826882788,65.36945079105796,63.87796764373779,62.386484496417616,63754300.0
2017-11-24 00:00:00-05:00,64.54506970889913,65.06075807619028,64.4888153973389,65.03263092041016,1015400,0.0,0.0,63.95531959533692,62.733897094726565,64.34446678001908,61.708621848813294,0.6293494674261595,0.5478230654726948,0.08152640195346472,65.5162316335058,63.95531959533692,62.39440755716804,64769700.0
2017-11-27 00:00:00-05:00,64.90138968118832,65.15454132862031,64.8545063022494,64.98577117919922,1439300,0.0,0.0,64.0181402206421,62.799260482788085,64.44312899527756,61.214850866369396,0.6338891740471411,0.565036287187584,0.06885288685955704,65.63765097784793,64.0181402206421,62.39862946343626,63330400.0
2017-11-28 00:00:00-05:00,65.22016050592353,66.50468900163503,65.0888956556637,66.18589782714844,2473400,0.0,0.0,64.16347007751465,62.88638076782227,64.71124727710385,68.22698243509268,0.7259587146943218,0.5972207726889316,0.12873794200539024,65.99895090311051,64.16347007751465,62.32798925191877,65803800.0
2017-11-29 00:00:00-05:00,66.10151387219138,66.42029788134842,64.17941025284664,64.4044418334961,1904000,0.0,0.0,64.19441165924073,62.93618759155274,64.66404643962574,52.92963330426965,0.6477094867653506,0.6073185155042153,0.04039097126113522,66.02422536426158,64.19441165924073,62.364597954219875,63899800.0
2017-11-30 00:00:00-05:00,64.66694586503834,65.24825933422989,63.9543604491898,64.92009735107422,1922500,0.0,0.0,64.25160522460938,62.99780487060547,64.70343888754088,56.00457434352424,0.6201567199979934,0.609886156402971,0.01027056359502243,66.09700000141525,64.25160522460938,62.40621044780351,65822300.0
2017-12-01 00:00:00-05:00,64.87324689641943,65.63270880926802,63.035531908167634,64.4044418334961,2516500,0.0,0.0,64.27785892486573,63.05229011535644,64.65743934076477,52.323530940400964,0.5503675683364548,0.5979824387896677,-0.04761487045321289,66.1162507560941,64.27785892486573,62.43946709363735,63305800.0
2017-12-04 00:00:00-05:00,64.6388517247553,64.85449807235095,62.05104547981879,62.1072998046875,2899400,0.0,0.0,64.17800464630128,63.063452606201174,64.26511018136827,39.77988421451262,0.306169665809648,0.5396198841936638,-0.2334502183840158,66.24586532384596,64.17800464630128,62.110143968756596,60406400.0
2017-12-05 00:00:00-05:00,62.069792513718824,62.81988353671045,61.629121727614255,61.72288131713867,2384000,0.0,0.0,64.06596031188965,63.086575775146486,63.873998048409874,38.13239727372567,0.08069154754902286,0.4478342168647356,-0.36714266931571277,66.39451752502794,64.06596031188965,61.73740309875138,58022400.0
2017-12-06 00:00:00-05:00,61.76975092435211,62.116669237201805,61.50722124042148,61.77912902832031,1690100,0.0,0.0,63.955322456359866,63.12242660522461,63.55171050685763,38.533524416932465,-0.0923976627039238,0.33978784095100373,-0.4321855036549275,66.48870711365869,63.955322456359866,61.42193779906105,59712500.0
2017-12-07 00:00:00-05:00,61.797886019294495,62.70736182060742,61.66661402226846,62.547969818115234,2294500,0.0,0.0,63.889688873291014,63.16841430664063,63.39728886243572,43.888830833274355,-0.16562387368536235,0.23870549802373048,-0.40432937170909283,66.49643821780663,63.889688873291014,61.28293952877541,62007000.0
2017-12-08 00:00:00-05:00,62.763626740788254,63.33556951377023,62.49171893450191,63.176170349121094,2195600,0.0,0.0,63.88546924591064,63.23463851928711,63.363270629618086,47.88424336037715,-0.17099452228077894,0.15676549396282857,-0.3277600162436075,66.4965480961374,63.88546924591064,61.27439039568388,64202600.0
2017-12-11 00:00:00-05:00,63.22306945547939,63.523104496856234,62.33234243828554,62.81989669799805,2438600,0.0,0.0,63.89437751770019,63.28962020874023,63.27967464013808,45.88858117763807,-0.20167432999035384,0.08507752917219209,-0.2867518591625459,66.48958993086184,63.89437751770019,61.29916510453854,61764000.0
2017-12-12 00:00:00-05:00,62.819890080284985,62.969911161869376,62.351084930432116,62.87614440917969,2181000,0.0,0.0,63.89109764099121,63.33068786621094,63.21759306614448,46.269316001527464,-0.2189259365062739,0.024276836036498897,-0.24320277254277278,66.49127864704018,63.89109764099121,61.290916634942256,63945000.0
2017-12-13 00:00:00-05:00,63.03553249051461,63.43870513448926,62.48233879138771,62.51984405517578,1684600,0.0,0.0,63.85453109741211,63.35937889099121,63.11024706445699,44.15016411812046,-0.25837009023265267,-0.032252549217331415,-0.22611754101532125,66.50966948910998,63.85453109741211,61.199392705714224,62260400.0
2017-12-14 00:00:00-05:00,62.519835098450585,62.90425147876007,62.229178287480245,62.360443115234375,1774600,0.0,0.0,63.817026710510255,63.372130126953124,62.99489261073044,43.196969476789384,-0.2990449854810393,-0.08561103647007301,-0.2134339490109663,66.53362128275673,63.817026710510255,61.10043213826379,60485800.0
2017-12-15 00:00:00-05:00,62.81988005115903,63.62622535244573,62.52922319374095,63.391822814941406,2871900,0.0,0.0,63.764052391052246,63.4079468536377,63.05595879599367,50.6249269034695,-0.24522955716076922,-0.11753474060821226,-0.12769481655255696,66.47040746200982,63.764052391052246,61.057697320094675,63357700.0
2017-12-18 00:00:00-05:00,63.654351770423524,64.23567263188134,63.26993533316416,63.43870544433594,2306300,0.0,0.0,63.71107769012451,63.43232467651367,63.11484289573863,50.93898679586514,-0.19653190861443193,-0.1333341742094562,-0.06319773440497573,66.39929424331996,63.71107769012451,61.022861136929066,65664000.0
2017-12-19 00:00:00-05:00,63.7012385877083,63.80437628086399,63.279309710235566,63.52309036254883,1469400,0.0,0.0,63.6074722290039,63.454639739990235,63.17765019832482,51.536512980083295,-0.14940723996867433,-0.13654878736129983,-0.012858452607374504,66.15318561717724,63.6074722290039,61.06175884083057,67133400.0
2017-12-20 00:00:00-05:00,63.57933215379126,63.88874517227509,62.969891373221884,63.194915771484375,1363000,0.0,0.0,63.48980178833008,63.46964134216309,63.18030644034937,49.03528140447698,-0.13696272632863327,-0.1366315751547665,-0.0003311511738667561,65.87851071092686,63.48980178833008,61.10109286573329,65770400.0
2017-12-21 00:00:00-05:00,63.2980516885944,63.635591853324,63.07302014317704,63.30742263793945,1502200,0.0,0.0,63.434950828552246,63.48651802062988,63.19986277844015,49.93240922700509,-0.11667701573870204,-0.1326406632715536,0.015963647532851566,65.7872337524781,63.434950828552246,61.08266790462639,67272600.0
2017-12-22 00:00:00-05:00,63.20431369783508,63.3262004614981,62.688625171955245,63.14805221557617,1221300,0.0,0.0,63.340721893310544,63.48295555114746,63.19189192261492,48.62662270844364,-0.11216731018595283,-0.12854599265443345,0.01637868246848062,65.57760910836865,63.340721893310544,61.10383467825243,66051300.0
2017-12-26 00:00:00-05:00,63.1105298262962,63.24179466029622,62.8667563650944,63.05427551269531,532700,0.0,0.0,63.24414710998535,63.48783096313477,63.17072016724267,47.83394296593034,-0.1148365677726062,-0.125804107678068,0.010967539905461787,65.35164100866828,63.24414710998535,61.136653211302416,65518600.0
2017-12-27 00:00:00-05:00,63.01678475765611,63.251187322810345,62.96053043110665,63.101173400878906,1038600,0.0,0.0,63.089910888671874,63.495144577026366,63.16002066472517,48.28794568534302,-0.11187804553927094,-0.12301889525030858,0.01114084971103764,64.70845471725256,63.089910888671874,61.471367060091175,66557200.0
2017-12-28 00:00:00-05:00,63.232427450322454,63.26993271274036,62.83862577163312,63.241798400878906,607000,0.0,0.0,63.031778717041014,63.52008476257324,63.172601854902666,49.70152186846694,-0.09706720281469217,-0.1178285567631853,0.020761353948493128,64.53683099846386,63.031778717041014,61.52672643561817,67164200.0
2017-12-29 00:00:00-05:00,63.42880329354701,63.50397989214096,62.89318257472646,62.93077087402344,1064900,0.149,0.0,62.932312393188475,63.53280395507812,63.13539708861355,46.663271319737234,-0.10916839994129646,-0.11609652539880752,0.006928125457511064,64.16296231726776,62.932312393188475,61.7016624691092,66099300.0
2018-01-02 00:00:00-05:00,63.353633776248294,63.79528738080936,63.27845716925155,63.52277755737305,1047800,0.0,0.0,62.88822917938232,63.549112243652345,63.19499408380732,52.60239976106189,-0.07017970614146662,-0.10691316154733935,0.03673345540587272,63.95735158626492,62.88822917938232,61.81910677249972,67147100.0
2018-01-03 00:00:00-05:00,63.54155975004028,65.29876770101244,63.52276201827152,65.13902282714844,1698900,0.0,0.0,63.03981533050537,63.59080718994141,63.494075428936725,64.29255865487474,0.09009800660277278,-0.06751092791731692,0.1576089345200897,64.4334987764003,63.03981533050537,61.64613188461044,68846000.0
2018-01-04 00:00:00-05:00,65.34577158326216,65.60888254148247,64.63160814720995,64.65040588378906,2230700,0.0,0.0,63.18619155883789,63.62704277038574,63.67197242199093,59.51367183129902,0.1756669654751164,-0.018875349238830247,0.19454231471394665,64.61047625419543,63.18619155883789,61.76190686348034,66615300.0
2018-01-05 00:00:00-05:00,64.58461313469323,65.87197819097686,64.58461313469323,65.68404388427734,1632500,0.0,0.0,63.38143730163574,63.67832511901855,63.9815218777273,65.37666700186718,0.3231617228587851,0.04953206518069282,0.2736296576780923,65.03310056879717,63.38143730163574,61.72977403447432,68247800.0
2018-01-08 00:00:00-05:00,65.52430535623793,66.08811550020629,65.35516159612392,65.82500457763672,1613400,0.0,0.0,63.545289039611816,63.73111389160156,64.26513460079029,66.09769904202528,0.44628226645745883,0.12888210543604603,0.3174001610214128,65.46254556318674,63.545289039611816,61.628032516036896,69861200.0
2018-01-09 00:00:00-05:00,66.41699196225653,67.96747495049706,65.93775020169485,67.44124603271484,2666100,0.0,0.0,63.7585428237915,63.81022697448731,64.75376712877868,73.03231297965318,0.6665893353064405,0.23642355141012492,0.43016578389631555,66.30852524102738,63.7585428237915,61.20856040655562,72527300.0
2018-01-10 00:00:00-05:00,67.14055949379488,67.14055949379488,65.88138373888499,66.52037048339844,2957200,0.0,0.0,63.943566513061526,63.86604721069336,65.02555226025864,64.88829273816064,0.7581379712363088,0.34076643537536166,0.4173715358609471,66.72111981772119,63.943566513061526,61.166013208401864,69570100.0
2018-01-11 00:00:00-05:00,66.64250469917457,66.88682497600618,66.0599041834187,66.52974700927734,1511100,0.0,0.0,64.12624664306641,63.93105613708496,65.25696683703075,64.93117431142139,0.8219723465080477,0.4370076176018989,0.38496472890614886,67.07431417330693,64.12624664306641,61.17817911282589,71081200.0
2018-01-12 00:00:00-05:00,66.46395529338832,67.52579727512578,66.24782448457981,67.40364074707031,1448100,0.0,0.0,64.37043647766113,64.00341674804687,65.58722436165222,68.76051481903588,0.9323301484222952,0.5360721237659781,0.3962580246563171,67.54608507744355,64.37043647766113,61.19478787787871,72529300.0
2018-01-16 00:00:00-05:00,67.67618353230253,68.09904653988434,66.77408581972414,66.933837890625,1702700,0.0,0.0,64.59910621643067,64.06656898498535,65.79439567380187,64.67204261433481,0.9706908178019376,0.62299586257317,0.3476949552287676,67.82118246149018,64.59910621643067,61.37702997137116,70826600.0
2018-01-17 00:00:00-05:00,67.3942782201004,67.94868949544717,67.27211445695049,67.7137680053711,1824500,0.0,0.0,64.81520347595215,64.1432569885254,66.08968372481252,68.06666115771733,1.0519001170073068,0.7087767134599974,0.3431234035473094,68.25667121461953,64.81520347595215,61.37373573728476,72651100.0
2018-01-18 00:00:00-05:00,67.8453215680966,68.1272302159946,67.34728917014688,67.83592987060547,1828300,0.0,0.0,65.03506469726562,64.21788787841797,66.35833697801144,68.57599050137893,1.1132832766654701,0.789678026101092,0.32360525056437817,68.65395300637364,65.03506469726562,61.41617638815761,74479400.0
2018-01-19 00:00:00-05:00,68.10844574621912,68.80381139222585,67.713772169999,68.66285705566406,2266100,0.0,0.0,65.29205303192138,64.31186965942383,66.71287852841954,71.8491163097451,1.2146542082351885,0.8746732625279112,0.3399809457072773,69.16595839712664,65.29205303192138,61.41814766671613,76745500.0
2018-01-22 00:00:00-05:00,68.75682630060746,69.1139115865821,68.22120554088109,69.04813385009766,1963700,0.0,0.0,65.58471393585205,64.41299461364746,67.07214857790848,73.24728395135664,1.310967996249076,0.9619322092721442,0.3490357869769317,69.65983023413328,65.58471393585205,61.50959763757081,78709200.0
2018-01-23 00:00:00-05:00,69.58378364187118,69.61197308794932,68.83203162334063,69.01057434082031,1213400,0.0,0.0,65.8698715209961,64.51599327087402,67.37036792604876,72.8673292632577,1.3684915103774387,1.043244069493203,0.32524744088423563,70.0640825579864,65.8698715209961,61.6756604840058,77495800.0
2018-01-24 00:00:00-05:00,69.21728171131218,69.40521606400898,68.64407261558014,69.14210510253906,1754300,0.0,0.0,66.16957416534424,64.63362411499024,67.64294287627804,73.38793737168363,1.408456928246153,1.116286641243793,0.2921702870023599,70.39946328668745,66.16957416534424,61.93968504400104,79250100.0
2018-01-25 00:00:00-05:00,69.69648980017871,69.99718895100753,69.20785636854437,69.40518951416016,1664100,0.0,0.0,66.48711986541748,64.7688932800293,67.91405774364452,74.44417293963023,1.4447048647883207,1.1819702859526986,0.2627345788356221,70.68729189646285,66.48711986541748,62.286947834372114,80914200.0
2018-01-26 00:00:00-05:00,69.81867082965147,70.31670324946265,69.1514874782887,70.30730438232422,2386900,0.0,0.0,66.84742641448975,64.91620452880859,68.28224953421062,77.7109875293804,1.5286039513938334,1.2512970190409256,0.2773069323529078,71.06026359502044,66.84742641448975,62.63458923395905,83301100.0
2018-01-29 00:00:00-05:00,69.9878100448927,70.47644356581917,69.81866629356534,70.0347900390625,1321900,0.0,0.0,67.18707599639893,65.05187683105468,68.55187115034168,74.60832840707845,1.5551778300252153,1.3120731812377835,0.24310464878743177,71.27587734352232,67.18707599639893,63.098274649275545,81979200.0
2018-01-30 00:00:00-05:00,69.52736297276198,69.61193843813699,68.53129813785979,68.58767700195312,1817000,0.0,0.0,67.46992130279541,65.16141975402832,68.55737974289728,60.739997913887834,1.442835779496619,1.3382257008895506,0.10461007860706828,71.09861260452357,67.46992130279541,63.84123000106725,80162200.0
2018-01-31 00:00:00-05:00,69.32063421323637,69.90324212380695,68.82260177206838,69.00114440917969,2032800,0.0,0.0,67.74383964538575,65.25241645812989,68.62565123001765,62.86400261390204,1.3713590854481765,1.3448523778012758,0.026506707646900773,70.94074684149041,67.74383964538575,64.54693244928109,82195000.0
2018-02-01 00:00:00-05:00,68.76619781674373,69.33000778653184,68.1366101366342,68.43730926513672,2008200,0.0,0.0,67.90875396728515,65.3311986541748,68.5966755431129,58.237000495502045,1.254752500723626,1.3268324023857458,-0.07207990166211986,70.88374885427748,67.90875396728515,64.93375908029282,80186800.0
2018-02-02 00:00:00-05:00,67.95806961454647,68.37153361717141,66.92441677721708,66.95260620117188,1955700,0.0,0.0,68.0238639831543,65.35834678649903,68.34374179819889,48.180610381083156,1.0306570403442379,1.2675973299774443,-0.23694028963320646,70.64246486494115,68.0238639831543,65.40526310136745,78231100.0
2018-02-05 00:00:00-05:00,66.58614755266991,67.16875542751292,64.06778889864012,64.10537719726562,2860700,0.0,0.0,67.9449306488037,65.32948783874512,67.69168570574762,35.515079830214205,0.6162089153440036,1.1373196470507563,-0.5211107317067527,70.91277579507219,67.9449306488037,64.97708550253522,75370400.0
2018-02-06 00:00:00-05:00,62.92135765125445,64.67857260399182,62.141416749566204,64.32148742675781,4121200,0.0,0.0,67.86975479125977,65.32782875061035,67.17319366282611,36.87156093627289,0.30171608454440957,0.9701989345494869,-0.6684828500050773,71.11206107247854,67.86975479125977,64.62744851004099,79491600.0
2018-02-07 00:00:00-05:00,64.07718466146457,64.91350454997163,63.81407375306701,63.955020904541016,1988100,0.0,0.0,67.69544353485108,65.30627655029296,66.67809016155148,35.50754363955092,0.022646410954280327,0.7806884298304456,-0.7580420188761653,71.35868208759628,67.69544353485108,64.03220498210588,77503500.0
2018-02-08 00:00:00-05:00,63.983214521703694,64.04899942234242,61.107777735721065,61.1265754699707,4163400,0.0,0.0,67.42575378417969,65.2290926361084,65.82401097823136,27.15709444421727,-0.4218869738009232,0.5401733491041718,-0.962060322905095,72.06064673260516,67.42575378417969,62.79086083575422,73340100.0
2018-02-09 00:00:00-05:00,62.395158260725445,63.45700096917358,61.352106119749294,62.94017791748047,4517000,0.0,0.0,67.24627532958985,65.16417823791504,65.38034435350045,37.333685730133205,-0.620685447824286,0.30800158971848024,-0.9286870375427663,72.26791800144154,67.24627532958985,62.224632657738155,77857100.0
2018-02-12 00:00:00-05:00,63.391207423722555,64.88531167309417,63.30663913733026,64.30270385742188,4227600,0.0,0.0,67.09122848510742,65.16214347839356,65.2145535079499,43.6976662061596,-0.6606743716042445,0.1142663974539353,-0.7749407690581798,72.27280226681282,67.09122848510742,61.909654703402026,82084700.0
2018-02-13 00:00:00-05:00,63.87043005437897,64.35906340178236,63.57912981857495,64.21810913085938,1825500,0.0,0.0,66.95544204711913,65.14810371398926,65.0612543730129,43.40295464268464,-0.6912239696008982,-0.046831675957031416,-0.6443922936438667,72.28657359991368,66.95544204711913,61.62431049432459,80259200.0
2018-02-14 00:00:00-05:00,63.71071882893568,65.67465928680271,63.54157504846384,65.4961166381836,3637800,0.0,0.0,66.84455947875976,65.169937210083,65.12815625996224,48.999130008525455,-0.6053323267678365,-0.15853180611919243,-0.4468005206486441,72.20018253638573,66.84455947875976,61.4889364211338,83897000.0
2018-02-15 00:00:00-05:00,70.42005048370936,70.4670304683915,66.92441844171421,67.67616271972656,4899100,0.0,0.0,66.83657112121583,65.28131446838378,65.52015725377214,56.83895639275004,-0.3572331205873098,-0.1982720690128159,-0.15896105157449392,72.18672932628394,66.83657112121583,61.48641291614772,88796100.0
2018-02-16 00:00:00-05:00,67.62920379638672,68.31517057408394,67.30031512425549,67.62920379638672,2887100,0.0,0.0,66.78488845825196,65.39944091796875,65.84462595263592,56.63699599760065,-0.16252837891073568,-0.19112333099239986,0.028594952081664182,72.08319929070885,66.78488845825196,61.486577625795064,85909000.0
2018-02-20 00:00:00-05:00,67.18753589024664,67.51642449222625,66.43578436923566,66.7928695678711,2580400,0.0,0.0,66.67212524414063,65.49971572875977,65.99050958574902,53.023442717811406,-0.07484587441426527,-0.16786783967677293,0.09302196526250767,71.86796899721722,66.67212524414063,61.47628149106404,83328600.0
2018-02-21 00:00:00-05:00,66.83044964095676,68.31514760002885,66.6894953519498,66.95260620117188,1995600,0.0,0.0,66.5692268371582,65.5878084564209,66.13852444966024,53.63194535716088,0.007446712385203114,-0.13280492926437773,0.14025164164958084,71.65612226125042,66.5692268371582,61.48233141306598,85324200.0
2018-02-22 00:00:00-05:00,67.39428175659589,67.43187005728869,66.25726254527115,66.41700744628906,2403400,0.0,0.0,66.4329719543457,65.65262519836426,66.18136798760314,51.23547657542468,0.02911027188261528,-0.10042188903497912,0.1295321609175944,71.38099551109885,66.4329719543457,61.48494839759256,82920800.0
2018-02-23 00:00:00-05:00,66.8586693328716,67.06540142777492,65.83440772700601,66.43580627441406,4227000,0.0,0.0,66.2845027923584,65.72494338989257,66.22051233942021,51.31769993477802,0.04725102675942594,-0.07088730587609811,0.11813833263552405,71.04138737284167,66.2845027923584,61.52761821187512,87147800.0
2018-02-26 00:00:00-05:00,66.71769489816413,66.91502806501963,65.7874079203499,66.32302856445312,5947400,0.0,0.0,66.08528900146484,65.79388107299805,66.23628406634835,50.76469350785736,0.051928883184430674,-0.04632406806399235,0.09825295124842302,70.47082393972352,66.08528900146484,61.69975406320618,81200400.0
2018-02-27 00:00:00-05:00,66.48279143070829,66.64253634674495,64.83834075927734,64.83834075927734,3370500,0.0,0.0,65.82546653747559,65.84025100708008,66.0212158652605,44.03685116215391,-0.0634345457636698,-0.04974616360392784,-0.013688382159741962,69.84468911629011,65.82546653747559,61.806243958661064,77829900.0
2018-02-28 00:00:00-05:00,65.23298967848962,65.77800918953335,64.43425814360637,64.45304870605469,3289200,0.0,0.0,65.61873512268066,65.88210311889648,65.77995937922884,42.46404573129552,-0.18383164624204085,-0.07656326013155045,-0.1072683861104904,69.47022099665087,65.61873512268066,61.767249248710456,74540700.0
2018-03-01 00:00:00-05:00,64.34027824764902,64.65037623587385,62.76160605305204,63.316017150878906,2401800,0.0,0.0,65.33447875976563,65.88058700561524,65.40089134409808,38.13538071354367,-0.36676828325487065,-0.13460426475621448,-0.23216401849865617,68.97907753236159,65.33447875976563,61.689879987169675,72138900.0
2018-03-02 00:00:00-05:00,62.78981629020583,63.59794679873713,62.630071395765576,63.438201904296875,2057300,0.0,0.0,65.08452339172364,65.88057693481446,65.09893912259021,38.85667229512444,-0.4961680808326605,-0.2069170279715037,-0.2892510528611568,68.52354232488817,65.08452339172364,61.6455044585591,74196200.0
2018-03-05 00:00:00-05:00,63.19387566899791,63.75768576528337,62.49851012255366,63.47578430175781,1890900,0.0,0.0,64.91068229675292,65.87963081359864,64.8492229963083,39.09190391046244,-0.5888973255097483,-0.2833130874791526,-0.30558423803059565,68.30562411257128,64.91068229675292,61.51574048093456,76087100.0
2018-03-06 00:00:00-05:00,63.691908466497196,64.29330686245812,63.381810402232674,64.00200653076172,2944600,0.0,0.0,64.90551376342773,65.89577262878419,64.71888200160882,42.431550741487605,-0.6128595208717229,-0.34922237415766666,-0.26363714671405625,68.30565466443886,64.90551376342773,61.5053728624166,79031700.0
2018-03-07 00:00:00-05:00,63.29725466128544,65.6464698515967,63.24087579087343,65.4961166381836,3125800,0.0,0.0,64.96424522399903,65.93954650878906,64.83845656108186,50.697497101547384,-0.5054608958952116,-0.38047007850517567,-0.12499081739003592,68.36258387805258,64.96424522399903,61.56590656994548,82157500.0
2018-03-08 00:00:00-05:00,65.51489024997517,66.03171309999284,65.016857960097,65.63704681396484,2453400,0.0,0.0,65.04834651947021,65.98932640075684,64.96131659998693,51.4062495049308,-0.4043141426929395,-0.38523889134272843,-0.019075251350211098,68.42580697764447,65.04834651947021,61.67088606129596,84610900.0
2018-03-09 00:00:00-05:00,66.03172851865878,67.18754539103786,65.77801646675036,66.83985900878906,2061200,0.0,0.0,65.33401069641113,66.06503807067871,65.25032312441803,57.077618446080905,-0.22450971204770553,-0.35309305548372383,0.1285833434360183,68.27453255919679,65.33401069641113,62.39348883362546,86672100.0
2018-03-12 00:00:00-04:00,66.90562684005353,67.21572487813532,66.40759450756484,66.44518280029297,2049400,0.0,0.0,65.50926094055175,66.13191825866699,65.43414768993725,54.81688358683594,-0.11256292162680381,-0.30498702871233985,0.19242410708553603,68.27054177513351,65.50926094055175,62.747980105969994,84622700.0
2018-03-13 00:00:00-04:00,66.71770668259614,67.2063402531319,66.17268707640353,66.41700744628906,1728100,0.0,0.0,65.61497611999512,66.1954224395752,65.58535688322215,54.650469226727104,-0.02582016054375913,-0.2491536550786237,0.22333349453486456,68.34510684864766,65.61497611999512,62.88484539134257,82894600.0
2018-03-14 00:00:00-04:00,66.78347528007218,66.8680507373693,65.48671134513553,65.70283508300781,1866300,0.0,0.0,65.68921241760253,66.25086372375489,65.60343045241994,50.468194407575,-0.01453607573425586,-0.20223013920975014,0.18769406347549428,68.34305228587137,65.68921241760253,63.03537254933371,81028300.0
2018-03-15 00:00:00-04:00,65.86258335182671,66.3982112140615,65.65585846951141,65.94715881347656,2530400,0.0,0.0,65.71176452636719,66.29935134887695,65.65631173873635,51.82642905997934,0.013960596854573737,-0.15899199199688535,0.1729525888514591,68.3663231956371,65.71176452636719,63.05720585709729,83558700.0
2018-03-16 00:00:00-04:00,65.7028344472536,66.09750079286313,64.885312326953,65.68404388427734,3378100,0.0,0.0,65.61215858459472,66.31025177001953,65.66057822266573,50.2290423455349,0.015138729495404846,-0.12416584769842731,0.13930457719383216,68.10923246985244,65.61215858459472,63.115084699337004,80180600.0
2018-03-19 00:00:00-04:00,65.58066928508771,66.06930272012048,64.8946955338334,65.15780639648438,2639400,0.0,0.0,65.48858871459962,66.32039978027343,65.58322871094552,47.10209896203371,-0.02608981209992578,-0.10455064057872701,0.07846082847880123,67.81278596144287,65.48858871459962,63.16439146775635,77541200.0
2018-03-20 00:00:00-04:00,65.5618702349405,65.84377882166518,65.26117108807634,65.63704681396484,2379100,0.0,0.0,65.4307975769043,66.31945983886719,65.59150841910234,50.14594014674433,-0.019864051418622353,-0.08761332274670608,0.06774927132808373,67.67862137615201,65.4307975769043,63.182973777656585,79920300.0
2018-03-21 00:00:00-04:00,65.66526346232266,65.86259668714716,65.1766298345529,65.21421813964844,1583200,0.0,0.0,65.34387817382813,66.30724411010742,65.53346376072481,47.546398087686384,-0.048489870472252505,-0.07978863229181536,0.031298761819562856,67.48132827492635,65.34387817382813,63.206428072729906,78337100.0
2018-03-22 00:00:00-04:00,64.55642157540665,65.02626454806386,63.269056418636175,63.400611877441406,1690000,0.0,0.0,65.19305839538575,66.22643142700196,65.20533270175814,38.36072243183796,-0.2150400587903647,-0.10683891759152522,-0.10820114119883947,67.42971706515632,65.19305839538575,62.95639972561517,76647100.0
2018-03-23 00:00:00-04:00,63.503979769764214,63.64493409954748,61.96289534773329,62.075653076171875,2594100,0.0,0.0,64.97505073547363,66.13753707885742,64.72384352859102,33.29929945444755,-0.4487722182999505,-0.1752255777332103,-0.2735466405667402,67.51420243882482,64.97505073547363,62.43589903212243,74053000.0
2018-03-26 00:00:00-04:00,63.14688490972499,64.17114619244964,62.63946087043945,64.0865707397461,2263800,0.0,0.0,64.86322784423828,66.08867355346679,64.62580156107641,45.131948651273326,-0.4663664075075218,-0.2334537436880726,-0.2329126638194492,67.35154945361468,64.86322784423828,62.374906234861875,76316800.0
2018-03-27 00:00:00-04:00,64.34970770786872,64.4906548884117,62.5267143676617,62.95896911621094,2104500,0.0,0.0,64.76925926208496,65.9997801208496,64.36936580032788,40.76493603978648,-0.5647874384506508,-0.29972048264058826,-0.26506695581006257,67.39252829922542,64.76925926208496,62.1459902249445,74212300.0
2018-03-28 00:00:00-04:00,63.16569915565643,63.31604519976587,61.84073834768572,62.39515686035156,2267800,0.0,0.0,64.6663646697998,65.90900650024415,64.06564134802383,38.746140605398416,-0.680438084945294,-0.3758640031015294,-0.3045740818437646,67.4853123231567,64.6663646697998,61.847417016442904,71944500.0
2018-03-29 00:00:00-04:00,62.72404352312886,63.50398466133637,62.122645027681905,62.86499786376953,2711300,0.0,0.0,64.64381370544433,65.8120310974121,63.88092696583086,41.35262548516154,-0.7258130916420029,-0.4458538208096241,-0.2799592708323788,67.51238974208619,64.64381370544433,61.775237668802475,74655800.0
2018-04-02 00:00:00-04:00,62.7698680641482,63.071238479224405,60.0198585358044,60.679107666015625,3085800,0.149,0.0,64.50585899353027,65.66889465332031,63.3883393812439,34.08562588629975,-0.9274649435284275,-0.5421760453533848,-0.38528889817504264,67.8233401616217,64.50585899353027,61.188377825438835,71570000.0
2018-04-03 00:00:00-04:00,61.1594172534494,62.04468877735754,60.85804684813736,61.61146926879883,2286100,0.0,0.0,64.41264324188232,65.52786689758301,63.114974748560044,39.00895473479251,-1.0005084609549897,-0.6338425284737058,-0.3666659324812839,67.93886107361342,64.41264324188232,60.88642541015122,73856100.0
2018-04-04 00:00:00-04:00,60.41541428056563,61.82808956139614,59.94452252028879,61.63972854614258,5084100,0.0,0.0,64.29452934265137,65.37969879150391,62.88801379434197,39.157291432757454,-1.0440801808491784,-0.7158900589488003,-0.3281901219003781,68.02045141702638,64.29452934265137,60.56860726827637,78940200.0
2018-04-05 00:00:00-04:00,61.98818378892442,62.44965564818233,61.686813384987396,61.8563346862793,2120200,0.0,0.0,64.11254024505615,65.23661399841309,62.7292939315631,40.35472917003557,-1.0490400963012476,-0.7825200664192897,-0.2665200298819579,67.94009970357035,64.11254024505615,60.28498078654196,81060400.0
2018-04-06 00:00:00-04:00,61.225341235236016,61.743317797387874,59.69023327754012,59.944515228271484,3578600,0.0,0.0,63.82791366577148,65.05266220092773,62.300866438749004,33.99522670007047,-1.193481011367723,-0.8647122554089763,-0.32876875595874666,67.99154485768784,63.82791366577148,59.664282473855124,77481800.0
2018-04-09 00:00:00-04:00,61.1405851806514,62.393159002825655,60.34949046258647,61.39487075805664,2639800,0.0,0.0,63.555664253234866,64.89245582580567,62.16148248787326,41.52391432587782,-1.1773481702390214,-0.9272394383749853,-0.25010873186403604,67.60645705712923,63.555664253234866,59.50487144934049,80121600.0
2018-04-10 00:00:00-04:00,62.28954915923989,62.90170976361618,62.06352317086159,62.760440826416016,1872800,0.0,0.0,63.37142715454102,64.7415185546875,62.253629924572145,47.5859170009241,-1.0423570423033723,-0.9502629591606627,-0.09209408314270962,67.20936431907309,63.37142715454102,59.533489990008945,81994400.0
2018-04-11 00:00:00-04:00,62.138882011156596,62.72278321567751,61.98819319370714,62.23305892944336,1391400,0.0,0.0,63.16222972869873,64.58548393249512,62.25046515609079,45.61902835510415,-0.966786400604569,-0.953567647449444,-0.013218753155124996,66.7620591701397,63.16222972869873,59.56240028725778,80603000.0
2018-04-12 00:00:00-04:00,62.68510099387521,63.70222879340129,62.58150424474364,63.287841796875,2180900,0.0,0.0,63.04148006439209,64.47948722839355,62.410061562365286,50.06464495115001,-0.812418901010048,-0.9253378981615648,0.11291899715151676,66.4492169449055,63.04148006439209,59.633743183878686,82783900.0
2018-04-13 00:00:00-04:00,63.570355340672734,63.730456733370765,62.986447267896246,63.297237396240234,2043900,0.0,0.0,62.90898399353027,64.36540908813477,62.546550152192204,50.103773959956264,-0.6814678617657179,-0.8765638908823954,0.19509602911667745,66.05015230733017,62.90898399353027,59.76781567973037,84827800.0
2018-04-16 00:00:00-04:00,63.88115216152663,64.38971591975984,63.560942157349366,64.20135498046875,2887800,0.0,0.0,62.83484954833985,64.2806900024414,62.8011355103886,53.851225190147254,-0.49898153812568324,-0.8010474203310529,0.3020658822053697,65.77403443294509,62.83484954833985,59.89566466373461,87715600.0
2018-04-17 00:00:00-04:00,64.60633191887848,64.84177774014644,64.10718792742823,64.45565032958984,2682600,0.0,0.0,62.79974174499512,64.23075088500977,63.05567625180417,54.877721742884255,-0.330035854567555,-0.7068451071783534,0.37680925261079834,65.6422847763849,62.79974174499512,59.95719871360533,90398200.0
2018-04-18 00:00:00-04:00,65.09607803508669,66.19796300441763,64.65343864093549,65.50104522705078,2678300,0.0,0.0,62.792941665649415,64.25866424560547,63.431886863380576,58.92278190765783,-0.11051658526367447,-0.5875794027954175,0.47706281753174307,65.60882767373589,62.792941665649415,59.97705565756294,93076500.0
2018-04-19 00:00:00-04:00,65.43513402071632,65.53872361631963,63.43855000884986,64.0130386352539,2435100,0.0,0.0,62.73288269042969,64.2524952697754,63.52129482828416,51.803989402699145,-0.055970486034880196,-0.4812576194433101,0.4252871334084299,65.38618196847179,62.73288269042969,60.07958341238759,90641400.0
2018-04-20 00:00:00-04:00,64.07894547135841,64.28613897569963,63.40086025178255,63.61747360229492,1917200,0.0,0.0,62.74372577667236,64.24574432373046,63.53609156274736,50.07211362586923,-0.04415214327359962,-0.393836524209368,0.34968438093576837,65.40959421521461,62.74372577667236,60.077857338130116,88724200.0
2018-04-23 00:00:00-04:00,63.76813523083807,64.67224617852484,63.598613979069604,64.107177734375,2260600,0.0,0.0,62.84530200958252,64.30535636901855,63.623950973766995,52.20250420856915,0.004675117497590975,-0.3141341958679762,0.31880931336556717,65.55604353706357,62.84530200958252,60.13456048210146,90984800.0
2018-04-24 00:00:00-04:00,62.52499499282795,63.9565096847759,62.19537226285198,62.760440826416016,3701600,0.0,0.0,62.778995513916016,64.30176162719727,63.49110325878992,46.345718321491894,-0.06455518786071224,-0.2642183942665234,0.19966320640581114,65.42924533144719,62.778995513916016,60.12874569638484,87283200.0
2018-04-25 00:00:00-04:00,62.80755100101553,63.17484603263936,61.13117733150399,61.969364166259766,4451600,0.0,0.0,62.72951526641846,64.25509483337402,63.25698955224682,43.274434817394294,-0.181165614374855,-0.24760783828818972,0.06644222391333471,65.40134112153521,62.72951526641846,60.057689411301716,82831600.0
2018-04-26 00:00:00-04:00,62.36489560891823,62.87345948848298,62.063525219387664,62.50616455078125,1978600,0.0,0.0,62.735065650939944,64.22085594177246,63.14147801355981,45.89460667797135,-0.22764081114775792,-0.24361443286010337,0.015973621712345454,65.40455027773415,62.735065650939944,60.06558102414574,84810200.0
2018-04-27 00:00:00-04:00,62.47791431799835,62.68510783888635,62.120039172525026,62.421409606933594,1189200,0.0,0.0,62.71288623809814,64.15936180114745,63.03069825869424,45.53696188672035,-0.26821988321525936,-0.24853552293113457,-0.01968436028412479,65.38505390014313,62.71288623809814,60.04071857605315,83621000.0
2018-04-30 00:00:00-04:00,62.61918324037632,62.779291897019405,61.903432949892846,61.912845611572266,2277700,0.0,0.0,62.774573135375974,64.04409545898437,62.85872092836778,43.35381562974422,-0.33752517425747897,-0.26633345319640345,-0.07119172106107552,65.30953287187344,62.774573135375974,60.239613398878504,81343300.0
2018-05-01 00:00:00-04:00,61.80924337998044,62.48732859324783,61.67739427576036,62.383731842041016,3135100,0.0,0.0,62.81318626403809,63.93918601989746,62.78564568431751,45.9382411142228,-0.3504141767829907,-0.2831495979137209,-0.06726457886926979,65.2991561418252,62.81318626403809,60.327216386250974,84478400.0
2018-05-02 00:00:00-04:00,62.157697874604295,62.96763208839532,61.94108455384031,62.072940826416016,2240500,0.0,0.0,62.834846878051756,63.84478744506836,62.675998783101896,44.49531276807172,-0.38131151987382594,-0.30278198230574194,-0.078529537568084,65.2868586159756,62.834846878051756,60.38283514012791,82237900.0
2018-05-03 00:00:00-04:00,61.94110038608334,62.59093332923726,61.084081099322134,62.4779167175293,2365900,0.0,0.0,62.86592597961426,63.755293655395505,62.64552461916765,46.83853118120959,-0.3688676404416711,-0.3159991139329278,-0.052868526508743297,65.28304834447417,62.86592597961426,60.44880361475436,84603800.0
2018-05-04 00:00:00-04:00,62.185971302098466,63.33494846856416,61.724499339993635,63.09950256347656,1330800,0.0,0.0,63.02367534637451,63.68894355773926,62.71536737983056,50.30623236614545,-0.30532934673189516,-0.3138651604927213,0.008535813760826128,65.03537227293909,63.02367534637451,61.01197841980993,85934600.0
2018-05-07 00:00:00-04:00,63.250164056783085,64.02242600431191,63.16539983125998,63.46677017211914,1468700,0.0,0.0,63.12727031707764,63.629562835693356,62.830967809413416,52.286623792429644,-0.2227713945976859,-0.2956464073137142,0.07287501271602831,65.00148017194022,63.12727031707764,61.25306046221507,87403300.0
2018-05-08 00:00:00-04:00,63.17484181011204,63.513884460524956,62.948808586344626,63.447959899902344,1916100,0.0,0.0,63.16164627075195,63.572061462402345,62.92588966948863,52.17194495628702,-0.15705106755144982,-0.26792733936126134,0.11087627180981152,65.03290021983608,63.16164627075195,61.29039232166783,85487200.0
2018-05-09 00:00:00-04:00,63.45736633033349,64.42740932028933,63.240760160375274,64.16370391845703,2108500,0.0,0.0,63.258178520202634,63.558568725585936,63.11632263086839,56.11602704777854,-0.046674638128507695,-0.2236767991147106,0.17700216098620292,65.12705156484861,63.258178520202634,61.38930547555666,87595700.0
2018-05-10 00:00:00-04:00,64.1543013261185,64.87005168771393,64.1543013261185,64.8512191772461,1844900,0.0,0.0,63.33634738922119,63.566532135009766,63.38322979184957,59.56529403691025,0.09517904816755163,-0.15990562965825816,0.2550846778258098,65.33024425056388,63.33634738922119,61.342450527878505,89440600.0
2018-05-11 00:00:00-04:00,65.1620018181134,65.54812931177563,64.89830359117572,65.4068603515625,1524200,0.0,0.0,63.4418285369873,63.608348999023434,63.694557570266944,62.15430629134381,0.24955796674192499,-0.07801291037822153,0.32757087712014654,65.63002836119679,63.4418285369873,61.253628712777804,90964800.0
2018-05-14 00:00:00-04:00,65.67055564167471,66.34863361275484,64.98305064006553,65.18082427978516,3322600,0.0,0.0,63.49080200195313,63.643201446533205,63.9232139871159,60.458390013388616,0.3496347779419793,0.0075166272858186445,0.34211815065616064,65.7860296648679,63.49080200195313,61.19557433903836,87642200.0
2018-05-15 00:00:00-04:00,58.23988474819693,60.368313620325644,57.16625226271316,58.8614616394043,14451200,0.0,0.0,63.21109256744385,63.550914993286135,63.14448285669873,33.19133907170895,-0.08005060656633134,-0.009996819484611352,-0.07005378708171998,66.22026064732768,63.21109256744385,60.20192448756003,73191000.0
2018-05-16 00:00:00-04:00,58.87087690266118,59.322936081955184,58.06094622192068,58.33406066894531,5872500,0.0,0.0,62.85274333953858,63.4375560760498,62.40441790473667,31.89832915289903,-0.4578583145047048,-0.09956911848863005,-0.3582891960160748,66.35270723186333,62.85274333953858,59.35277944721383,67318500.0
2018-05-17 00:00:00-04:00,58.37172879292816,60.18937085836927,58.164535316260825,59.88800048828125,5211300,0.0,0.0,62.64649143218994,63.325393753051756,62.017276763743524,39.3903167714747,-0.6246827346859902,-0.20459184172810208,-0.42009089295788815,66.33000481625723,62.64649143218994,58.96297804812265,72529800.0
2018-05-18 00:00:00-04:00,59.92569018508668,60.839217814457925,59.812673568831464,60.57551956176758,4163500,0.0,0.0,62.49439373016357,63.22416320800781,61.795467963439535,42.40907661655582,-0.6934219100520593,-0.3023578553928935,-0.3910640546591658,66.25537227695678,62.49439373016357,58.73341518337037,76693300.0
2018-05-21 00:00:00-04:00,60.98048372163128,62.14829328991631,60.91455916177418,61.73391342163086,4527300,0.0,0.0,62.37573051452637,63.12204429626465,61.78599803393051,47.18240538941844,-0.6469676579417722,-0.37127981590266923,-0.275687842039103,66.07493142898659,62.37573051452637,58.67652960006615,81220600.0
2018-05-22 00:00:00-04:00,61.79983226079595,62.054110629495824,60.92397336934923,61.06523513793945,3415500,0.0,0.0,62.29097023010254,63.01444534301758,61.67511143454727,44.87048069315458,-0.656540882959618,-0.428332029314059,-0.22820885364555898,66.02851346114026,62.29097023010254,58.55342699906481,77805100.0
2018-05-23 00:00:00-04:00,60.4719069037931,61.21591659852666,60.4719069037931,60.773277282714844,3222400,0.0,0.0,62.23116588592529,62.90157073974609,61.53636771888074,43.85995032164631,-0.679849410863774,-0.47863550562400203,-0.201213905239772,66.02522907069132,62.23116588592529,58.43710270115927,74582700.0
2018-05-24 00:00:00-04:00,60.85804147660593,61.215916555940105,60.34005777011488,60.387149810791016,1525800,0.0,0.0,62.12521514892578,62.795257034301756,61.359564963790014,42.496811107483076,-0.721165697883869,-0.5271415440759755,-0.1940241538078935,66.00013029886765,62.12521514892578,58.25029999898393,73056900.0
2018-05-25 00:00:00-04:00,60.217639089023265,60.377744161204646,59.18167861770991,59.4736328125,1742000,0.0,0.0,61.977826309204104,62.665786514282225,61.06942155589924,39.37861697544366,-0.8181907465765761,-0.5853513845760956,-0.2328393620004805,66.01722045745554,61.977826309204104,57.93843216095267,71314900.0
2018-05-29 00:00:00-04:00,58.98390699452101,59.02157560756871,57.73133310073881,58.24931335449219,3559200,0.0,0.0,61.7946496963501,62.51709190368652,60.63555875568277,35.60764848429244,-0.9825499210164779,-0.6647910918641721,-0.3177588291523058,66.14918844016901,61.7946496963501,57.440110952531185,67755700.0
2018-05-30 00:00:00-04:00,58.61660558005691,59.38886774893644,58.390575963317566,59.0404052734375,1731500,0.0,0.0,61.62748336791992,62.39474388122559,60.39015052764504,39.63043834415992,-1.0370171562200028,-0.7392363047353382,-0.2977808514846646,66.13281335132106,61.62748336791992,57.12215338451878,69487200.0
2018-05-31 00:00:00-04:00,59.00274414408809,59.17226547997756,58.24931438785963,58.31523895263672,2510400,0.0,0.0,61.43959827423096,62.24830772399903,60.07093336225915,37.328323886901394,-1.1257210822556516,-0.8165332602394009,-0.3091878220162507,66.16308228176804,61.43959827423096,56.71611426669388,66976800.0
2018-06-01 00:00:00-04:00,58.83322105253898,59.54897498845379,58.80496510232104,59.12517166137695,2277900,0.0,0.0,61.27196102142334,62.126526794433595,59.92543156212343,41.42125200267423,-1.1177797132700462,-0.8767825508455299,-0.2409971624245163,66.07348007758296,61.27196102142334,56.470441965263724,69254700.0
2018-06-04 00:00:00-04:00,59.492457886127326,59.812664397848515,59.10632682134166,59.69023513793945,1958000,0.0,0.0,61.101497650146484,62.05231925964355,59.88924749686436,44.16113713254816,-1.0537433239028928,-0.9121747054570025,-0.1415686184458903,65.87336771746656,61.101497650146484,56.32962758282641,71212700.0
2018-06-05 00:00:00-04:00,59.76557422169698,60.15170527535135,59.417115366598786,59.82208251953125,1889500,0.0,0.0,60.91926326751709,62.007247848510744,59.8789144234285,44.80979137283554,-0.9810461528027545,-0.9259489949261529,-0.05509715787660163,65.59327484786083,60.91926326751709,56.24525168717335,73102200.0
2018-06-06 00:00:00-04:00,60.03870017253034,61.39487075805664,59.3888708287117,61.39487075805664,3177600,0.0,0.0,60.8166088104248,61.953413848876956,60.11213847490975,51.97641647986519,-0.7874450777530129,-0.8982482114915249,0.11080313373851203,65.35209243052826,60.8166088104248,56.28112519032135,76279800.0
2018-06-07 00:00:00-04:00,61.602050735367406,62.24245649852165,61.027562332315235,61.43252944946289,2977200,0.0,0.0,60.6800500869751,61.92288505554199,60.31527554791793,52.13668016491994,-0.6237854785818797,-0.8433556649095959,0.2195701863277162,64.96155461724243,60.6800500869751,56.398545556707774,79257000.0
2018-06-08 00:00:00-04:00,61.54554482722487,62.50616793572526,61.357191018032026,61.90342712402344,3853800,0.0,0.0,60.532660484313965,61.91305046081543,60.55960655962647,54.19512062095021,-0.4508889926158304,-0.7648623304508428,0.31397333783501247,64.4138956255853,60.532660484313965,56.65142534304263,83110800.0
2018-06-11 00:00:00-04:00,61.856332647061436,62.86404057562071,61.771568406591314,62.28013229370117,3316700,0.0,0.0,60.3763240814209,61.901353149414064,60.82430282640719,55.83158669538611,-0.28023989186909404,-0.6679378427344931,0.38769795086539904,63.6665199136027,60.3763240814209,57.086128249239096,86427500.0
2018-06-12 00:00:00-04:00,62.129456963398894,62.67569310307469,61.80924684574016,62.45907974243164,2007000,0.0,0.0,60.240236854553224,61.93695259094238,61.07580696733403,56.62436135332558,-0.1290718268056139,-0.5601646395487172,0.4310928127431033,62.88641135339439,60.240236854553224,57.59406235571206,88434500.0
2018-06-13 00:00:00-04:00,62.72278705474904,62.79813146808537,62.12946596651258,62.402584075927734,4357700,0.0,0.0,60.41729297637939,61.95277488708496,61.27992652250229,56.2809035948255,-0.01367118139943102,-0.45086594791886,0.43719476651942896,63.143423728854145,60.41729297637939,57.69116222390464,84076800.0
2018-06-14 00:00:00-04:00,62.581514192116465,62.581514192116465,61.88459637510438,62.44966506958008,3487900,0.0,0.0,60.623073196411134,61.96897361755371,61.459886298975796,56.5176038086308,0.08065397539419195,-0.3445619632562496,0.42521593865044155,63.31017996382063,60.623073196411134,57.93596642900164,87564700.0
2018-06-15 00:00:00-04:00,62.26129978761723,62.38372904025523,61.39486080301686,62.28013229370117,4113200,0.0,0.0,60.74267978668213,61.977449569702145,61.586077990472006,55.355405482483,0.14011233577043214,-0.24762710345091327,0.3877394392213454,63.50029151186173,60.74267978668213,57.98506806150253,83451500.0
2018-06-18 00:00:00-04:00,61.66797938625871,61.72448409024317,60.77328085682821,61.18766784667969,2563100,0.0,0.0,60.77328720092773,62.00231262207031,61.524784122196266,48.442489462868934,0.09795163845927846,-0.17851135506887492,0.2764629935281534,63.536381397326416,60.77328720092773,58.01019300452905,80888400.0
2018-06-19 00:00:00-04:00,60.48133162379004,60.6979377839416,59.52071211631899,59.82208251953125,4621400,0.0,0.0,60.67769565582275,61.97085685729981,61.26283002947857,41.470774761898205,-0.04513208653947487,-0.1518355013629949,0.10670341482352003,63.43351424313787,60.67769565582275,57.921877068507634,76267000.0
2018-06-20 00:00:00-04:00,59.84092395333984,59.869176308466244,58.983901119189525,59.134586334228516,4942100,0.0,0.0,60.581163215637204,61.89833976745606,60.93540792251702,38.469114876931705,-0.21156339484994646,-0.16378108006038522,-0.04778231478956124,63.410202265172835,60.581163215637204,57.752124166101574,71324900.0
2018-06-21 00:00:00-04:00,59.15340828510641,59.539539280816165,58.6448444587712,59.370018005371094,4319400,0.0,0.0,60.51100025177002,61.84107894897461,60.694578704494575,40.06886126361614,-0.3207664416134435,-0.19517815237099687,-0.1255882892424466,63.38671991107575,60.51100025177002,57.63528059246429,75644300.0
2018-06-22 00:00:00-04:00,59.878596155254314,59.98218932159076,59.0780780313568,59.134586334228516,2893800,0.0,0.0,60.4483720779419,61.75801383972168,60.454579878299796,38.97752907947567,-0.4214498002615912,-0.24043248194911573,-0.18101731831247544,63.386042868623555,60.4483720779419,57.51070128726024,72750500.0
2018-06-25 00:00:00-04:00,58.823807096937585,59.04041690966903,57.26044635027708,57.63716125488281,2426800,0.0,0.0,60.35654850006104,61.64481231689453,60.02113085931257,32.849228746795255,-0.6149826397170699,-0.3153425135027066,-0.2996401262143633,63.51672908474643,60.35654850006104,57.196367915375646,70323700.0
2018-06-26 00:00:00-04:00,57.66539707012979,58.69194111839694,57.46762341863521,58.371734619140625,3655600,0.0,0.0,60.36266956329346,61.52821990966797,59.76737759159381,37.999123167878885,-0.7010041385551631,-0.39247483851319787,-0.3085293000419652,63.50693429368703,60.36266956329346,57.218404832899886,73979300.0
2018-06-27 00:00:00-04:00,58.635431446665024,59.33235272610473,57.54296287350815,57.58063507080078,2025800,0.0,0.0,60.28968105316162,61.39071960449219,59.43095566531796,34.89531358819246,-0.8235189048792932,-0.4786836517864169,-0.3448352530928763,63.61584370964566,60.28968105316162,56.963518396677586,71953500.0
2018-06-28 00:00:00-04:00,57.571238579848334,58.05154668603655,56.90256942253965,57.721923828125,1564100,0.0,0.0,60.26001529693603,61.235137176513675,59.1680276903652,35.90230338297303,-0.8988505285674435,-0.5627170271426223,-0.33613350142482123,63.665720642485155,60.26001529693603,56.85430995138691,73517600.0
2018-06-29 00:00:00-04:00,58.08919822818852,58.83320794860786,57.98560148324172,58.23988342285156,1913800,0.0,0.0,60.21575088500977,61.119674072265624,59.02523626459387,39.59111596950732,-0.9063090064809174,-0.6314354230102813,-0.27487358347063606,63.70137910533838,60.21575088500977,56.730122664681154,75431400.0
2018-07-02 00:00:00-04:00,57.927410653114464,58.04069662664901,57.38929777720517,58.03125762939453,1526500,0.149,0.0,60.13280200958252,61.00794975280762,58.872316474563206,38.626864246584404,-0.9184667489797107,-0.6888416882041672,-0.22962506077554345,63.74129904066017,60.13280200958252,56.52430497850487,73904900.0
2018-07-03 00:00:00-04:00,58.465514748453224,58.61656389091288,57.644185261409824,57.82355499267578,864400,0.0,0.0,60.03287563323975,60.88227729797363,58.71096855427283,37.64388177739213,-0.9340940595762248,-0.7378921624785788,-0.19620189709764602,63.778342858735044,60.03287563323975,56.28740840774445,73040500.0
2018-07-05 00:00:00-04:00,58.04069798830668,58.42776170815186,57.50258509977304,58.342796325683594,2247500,0.0,0.0,59.880271911621094,60.79392440795898,58.65432667295141,41.642112151202376,-0.8942717714039077,-0.7691680842636446,-0.1251036871402631,63.640011347142305,59.880271911621094,56.12053247609988,75288000.0
2018-07-06 00:00:00-04:00,58.45607008983556,58.909221102529536,58.201177596976514,58.80537414550781,2269700,0.0,0.0,59.74891414642334,60.730644607543944,58.6775647456524,45.02402135431243,-0.8159800469364384,-0.7785304767982033,-0.03744957013823513,63.465875475501846,59.74891414642334,56.03195281734483,77557700.0
2018-07-09 00:00:00-04:00,58.937548492322215,59.77775963967333,58.937548492322215,59.58894729614258,1508600,0.0,0.0,59.6331901550293,60.672300262451174,58.817777445727806,50.28021158946192,-0.6828341989761242,-0.7593912212337874,0.07655702225766325,63.216340444597776,59.6331901550293,56.05003986546082,79066300.0
2018-07-10 00:00:00-04:00,59.824960476794054,60.17426456490629,59.54174376852952,60.108177185058594,1924400,0.0,0.0,59.52459239959717,60.626035614013674,59.016300482547926,53.45582935824707,-0.5293160169970932,-0.7133761803864486,0.18406016338935538,62.90625679843081,59.52459239959717,56.142928000763526,80990700.0
2018-07-11 00:00:00-04:00,59.08859449062927,59.73999325965472,59.08859449062927,59.34349060058594,1780500,0.0,0.0,59.36881294250488,60.574648513793946,59.06663742378454,48.538865221786075,-0.4640067869486941,-0.6635023016988977,0.19949551475020355,62.470893136278505,59.36881294250488,56.26673274873126,79210200.0
2018-07-12 00:00:00-04:00,59.7871962235298,60.21201945212084,59.749433038363094,59.900482177734375,1748100,0.0,0.0,59.24370784759522,60.52498352050781,59.19492123208452,52.00204132646229,-0.36311838361176285,-0.6034255180814707,0.24030713446970786,62.03226972904065,59.24370784759522,56.455145966149786,80958300.0
2018-07-13 00:00:00-04:00,59.966571550829,60.259230861256306,59.673912240401705,59.83440399169922,963700,0.0,0.0,59.112944793701175,60.48021278381348,59.29330319510216,51.55874743830877,-0.2852078558535922,-0.539781985635895,0.25457412978230276,61.5049802254388,59.112944793701175,56.72090936196355,79994600.0
2018-07-16 00:00:00-04:00,59.69280619420211,59.69280619420211,59.12637265170931,59.21133804321289,929300,0.0,0.0,58.95950508117676,60.414881210327145,59.28069317173458,47.45123001650387,-0.27061987864762216,-0.48594956423824043,0.21532968559061827,60.86302273001803,58.95950508117676,57.055987432335485,79065300.0
2018-07-17 00:00:00-04:00,59.02250570550235,59.7211065982823,58.67320525911237,59.5134162902832,1469800,0.0,0.0,58.875792503356934,60.34315948486328,59.31649672843437,49.54973788414405,-0.23200915453308824,-0.43516148229720997,0.20315232776412173,60.507898480402936,58.875792503356934,57.24368652631093,80535100.0
2018-07-18 00:00:00-04:00,59.50396899108515,59.692781293585966,59.23963392836109,59.466209411621094,1202300,0.0,0.0,58.857998847961426,60.26314826965332,59.33952944892464,49.21894900594875,-0.2028803991282757,-0.3887052656634231,0.1858248665351474,60.45585019580031,58.857998847961426,57.26014750012254,79332800.0
2018-07-19 00:00:00-04:00,60.05154421200213,61.033365629390225,59.85329284924963,60.561336517333984,1726700,0.0,0.0,58.929336357116696,60.20541580200195,59.52749976714146,56.477748756715584,-0.09038613048782906,-0.3290414386283043,0.23865530814047525,60.689377403402354,58.929336357116696,57.16929531083104,81059500.0
2018-07-20 00:00:00-04:00,60.25923632408563,60.7312654216531,60.1176261542969,60.278114318847656,1619900,0.0,0.0,58.97474117279053,60.127704010009765,59.64297892894241,54.31536257150831,-0.02381277766600931,-0.2679957064358453,0.244182928769836,60.82257732095172,58.97474117279053,57.12690502462934,79439600.0
2018-07-23 00:00:00-04:00,60.13649484232078,60.419711519810804,59.82495397617494,60.15537643432617,1417500,0.0,0.0,59.02578067779541,60.033787155151366,59.721809314386064,53.3618578454941,0.018826146465215743,-0.2106313358556331,0.22945748232084884,60.943526264466506,59.02578067779541,57.108035091124314,78022100.0
2018-07-24 00:00:00-04:00,60.36307200471562,61.69419374609805,60.1270574860216,61.165523529052734,2454400,0.0,0.0,59.2021987915039,59.94896041870117,59.94391919356555,59.64138684024268,0.13259970259789355,-0.14198512816492775,0.2745848307628213,61.22291694240595,59.2021987915039,57.181480640601855,80476500.0
2018-07-25 00:00:00-04:00,61.495945564152926,62.34559931548377,61.212725246178685,62.27007293701172,2925800,0.0,0.0,59.39711570739746,59.890745391845705,60.30178900024958,65.1646004057409,0.3083396243897667,-0.05192017765398886,0.3602598020437556,61.77950266908009,59.39711570739746,57.014728745714834,83402300.0
2018-07-26 00:00:00-04:00,62.307859613654315,63.09142987984267,62.137928799331476,63.01590347290039,2583500,0.0,0.0,59.66887912750244,59.97383422851563,60.71934507296509,68.31753038315873,0.5020102084356068,0.05886589956393028,0.44314430887167655,62.37803966296201,59.66887912750244,56.959718592042876,85985800.0
2018-07-27 00:00:00-04:00,62.92147302540407,63.034755386340876,61.703637227192054,62.07181930541992,2638900,0.0,0.0,59.886373901367186,60.04858940124512,60.927418031804294,60.81420468915746,0.5727139494310762,0.16163550953735947,0.41107843989371673,62.63356013685154,59.886373901367186,57.13918766588283,83346900.0
2018-07-30 00:00:00-04:00,62.18512186553099,62.37393064161412,60.90120202090495,61.01448440551758,1601200,0.0,0.0,60.02510395050049,60.07111907958984,60.94081285852941,53.70063490640368,0.5372361596269855,0.23675563955528467,0.3004805200717008,62.705101821591036,60.02510395050049,57.34510607940994,81745700.0
2018-07-31 00:00:00-04:00,61.297710023957336,62.95925476569671,60.92952783723579,62.34561538696289,2539200,0.0,0.0,60.240821838378906,60.10652099609375,61.156936324442256,60.03817583104721,0.6095049079057233,0.3113054932253724,0.29819941468035094,62.938621274096796,60.240821838378906,57.543022402661016,84284900.0
2018-08-01 00:00:00-04:00,62.15678155974367,62.46832245992712,61.014472128329345,61.34489822387695,2679200,0.0,0.0,60.41688899993896,60.09874069213867,61.1858535397399,54.04848375373976,0.579350507844822,0.3649144961492623,0.2144360116955597,62.91274243036677,60.41688899993896,57.921035569511155,81605700.0
2018-08-02 00:00:00-04:00,61.12775814761248,61.73195471757464,60.89174363739004,61.637550354003906,2263200,0.0,0.0,60.58162670135498,60.11018699645996,61.25534535731898,55.448285260828214,0.5724684497121331,0.40642528686183643,0.16604316285029663,62.93924436524548,60.58162670135498,58.22400903746448,83868900.0
2018-08-03 00:00:00-04:00,61.83582284925197,62.109600639155325,61.32603046832094,62.05295944213867,1857300,0.0,0.0,60.74400596618652,60.13578063964844,61.37805521652201,57.43060225414053,0.5936907137646514,0.44387837224239945,0.14981234152225198,63.03635025204067,60.74400596618652,58.45166168033237,85726200.0
2018-08-06 00:00:00-04:00,62.024622213556086,62.93092444363074,61.67532528158676,62.78931427001953,2873100,0.0,0.0,60.904024314880374,60.18382392883301,61.595171993983165,60.763307457619895,0.6622926936508335,0.4875612365240863,0.17473145712674726,63.29614553724928,60.904024314880374,58.51190309251147,88599300.0
2018-08-07 00:00:00-04:00,63.091422199800164,64.13932756013166,62.902606205428796,63.87499237060547,2829000,0.0,0.0,61.09236507415771,60.27185111999512,61.945913590386596,65.10146404576824,0.7950999885525505,0.5490689869297791,0.24603100162277136,63.77918674351155,61.09236507415771,58.40554340480387,91428300.0
2018-08-08 00:00:00-04:00,63.950506856436746,64.33757421444906,63.572882098096066,63.61064529418945,1681900,0.0,0.0,61.30572280883789,60.379077758789066,62.20202616020242,63.267250439847224,0.8690028033790895,0.6130557502196412,0.2559470531594483,64.07944941028454,61.30572280883789,58.53199620739124,89746400.0
2018-08-09 00:00:00-04:00,63.70504289827564,63.837210454286435,62.88370976941576,62.95923614501953,1727800,0.0,0.0,61.45866050720215,60.4574543762207,62.31852000402044,58.86589037751422,0.8650364406640563,0.6634518883085242,0.20158455235553208,64.24288042049473,61.45866050720215,58.674440593909566,88018600.0
2018-08-10 00:00:00-04:00,63.081957701637315,63.129163484491926,62.24174662548201,62.553287506103516,2165900,0.0,0.0,61.594604682922366,60.54221534729004,62.35463808126399,56.240123750054536,0.8196875591855957,0.6946990224839384,0.12498853670165722,64.3130522284232,61.594604682922366,58.87615713742152,85852700.0
2018-08-13 00:00:00-04:00,62.72321536740724,63.242442942066106,61.996286679257594,62.25118637084961,2983100,0.0,0.0,61.746597099304196,60.60473564147949,62.33872243350793,54.29901309199283,0.7507174041131464,0.7059026988097801,0.04481470530336629,64.24615270110365,61.746597099304196,59.24704149750474,82869600.0
2018-08-14 00:00:00-04:00,62.35506541864189,63.497375313914205,62.35506541864189,63.01590347290039,3110100,0.0,0.0,61.92172145843506,60.67124900817871,62.442904131876006,58.229173067190544,0.7491288474067304,0.7145479285291702,0.03458091887756021,64.256226217628,61.92172145843506,59.58721669924212,85979700.0
2018-08-15 00:00:00-04:00,62.251196206594486,62.67601948958246,60.62741504946281,61.10888671875,6071500,0.0,0.0,62.003855323791505,60.69698509216309,62.237670683702774,47.304151647153105,0.5872204781756665,0.6890824384584694,-0.10186196028280292,64.08931948405387,62.003855323791505,59.91839116352914,79908200.0
2018-08-16 00:00:00-04:00,61.40153813489334,61.99629212991345,61.1844016082464,61.8358039855957,3149500,0.0,0.0,62.06757869720459,60.70580375671387,62.17584503784015,51.07249046954562,0.5116649226783281,0.6535989353024412,-0.1419340126241131,64.04808222901667,62.06757869720459,60.087075165392505,83057700.0
2018-08-17 00:00:00-04:00,61.81692440302065,61.81692440302065,60.68405041926889,61.04279708862305,2449200,0.0,0.0,62.10581283569336,60.69800910949707,62.00152996872983,47.1142473589538,0.38337822590420956,0.5995547934227948,-0.21617656751858527,63.972935155980394,62.10581283569336,60.23869051540632,80608500.0
2018-08-20 00:00:00-04:00,60.9578382181965,61.46763051495923,60.853991239082276,60.863433837890625,1619900,0.0,0.0,62.14121570587158,60.67720924377441,61.826438256293024,46.24130277490481,0.2641915434625943,0.5324821434307547,-0.2682905999681604,63.88161594424385,62.14121570587158,60.400815467499314,78988600.0
2018-08-21 00:00:00-04:00,61.11832180894616,61.7414036369803,61.00503944209777,61.29769515991211,2982800,0.0,0.0,62.14782428741455,60.65756050109863,61.74509316454211,48.71870089048977,0.20244286303896786,0.4664742873523974,-0.2640314243134295,63.874302967802635,62.14782428741455,60.42134560702647,81971400.0
2018-08-22 00:00:00-04:00,61.11831312246827,62.18510327595239,60.93894699958683,61.97740936279297,2565600,0.0,0.0,62.13319110870361,60.64792709350586,61.78083411811917,52.41507827592991,0.20597944170566507,0.4143753182230509,-0.20839587651738584,63.86023813093518,62.13319110870361,60.40614408647205,84537000.0
2018-08-23 00:00:00-04:00,62.015193939208984,62.298407116363734,61.86414114931836,62.015193939208984,2287700,0.0,0.0,62.08315563201904,60.640179290771485,61.816889475209905,52.619529423336175,0.20941707562636935,0.3733836697037146,-0.16396659407734526,63.76232973380578,62.08315563201904,60.40398153023231,86824700.0
2018-08-24 00:00:00-04:00,62.06239556605781,62.55330995459168,61.92078536926558,62.28897476196289,1904200,0.0,0.0,62.094013404846194,60.63696548461914,61.88951798086421,54.15651902604382,0.23156392480813537,0.34501972072459874,-0.11345579591646338,63.77556051973129,62.094013404846194,60.412466289961095,88728900.0
2018-08-27 00:00:00-04:00,62.619380173712784,62.638258167980936,62.175671681192604,62.383365631103516,1158800,0.0,0.0,62.16245746612549,60.63903015136719,61.96549454243949,54.7021025520231,0.25380629563915136,0.32677703570750927,-0.07297074006835791,63.77259122192665,62.16245746612549,60.55232371032432,89887700.0
2018-08-28 00:00:00-04:00,62.69490103299794,63.535112154462965,62.63825264999931,62.95923614501953,2284300,0.0,0.0,62.19313850402832,60.67446151733398,62.11837786591334,57.987175946937754,0.31427866368935753,0.3242773613038789,-0.009998697614521379,63.83905080274264,62.19313850402832,60.547226205314,92172000.0
2018-08-29 00:00:00-04:00,62.959227577467985,63.51621831591884,62.685449905103944,63.26132583618164,1852100,0.0,0.0,62.28895988464355,60.74324638366699,62.294216015185384,59.6406849588388,0.382174099334911,0.33585670891008534,0.04631739042482563,63.9492619257995,62.28895988464355,60.62865784348761,94024100.0
2018-08-30 00:00:00-04:00,63.25189166668463,63.86553086217825,63.11972411105112,63.49734878540039,2246300,0.0,0.0,62.38194980621338,60.83050163269043,62.47931336444923,60.93435263638578,0.44984131011358386,0.358653629150785,0.09118768096279883,64.09343694831686,62.38194980621338,60.67046266410989,96270400.0
2018-08-31 00:00:00-04:00,63.384063532394364,63.771130830635386,63.299101756249016,63.761688232421875,1582400,0.0,0.0,62.46738624572754,60.918335037231444,62.676601805675794,62.38844713906646,0.5188174418522777,0.39068639169108355,0.1281310501611942,64.27267829684226,62.46738624572754,60.66209419461282,97852800.0
2018-09-04 00:00:00-04:00,63.57285103317246,63.78054490889972,63.11026471160972,63.50676727294922,1728000,0.0,0.0,62.503258895874026,61.00577865600586,62.80431956987171,60.06646985534081,0.5466105461129516,0.42187122257545717,0.1247393235374944,64.36047914535658,62.503258895874026,60.64603864639147,96124800.0
2018-09-05 00:00:00-04:00,63.516240208543316,63.6295297955808,63.02533306990042,63.214141845703125,1859600,0.0,0.0,62.47021636962891,61.11731826782226,62.86736915076885,57.424416514713805,0.5388132513105148,0.4452596283224687,0.09355362298804615,64.25056470337063,62.47021636962891,60.68986803588719,94265200.0
2018-09-06 00:00:00-04:00,63.25190480019844,63.771139735565654,63.09141662111878,63.591766357421875,1031500,0.0,0.0,62.469272422790525,61.22171890258789,62.978814874869315,59.87706317234051,0.5566878303766387,0.4675452687333027,0.089142561643336,64.24721951816363,62.469272422790525,60.69132532741742,95296700.0
2018-09-07 00:00:00-04:00,63.39349827890401,64.03545802866219,63.280208722149794,63.629512786865234,1585500,0.0,0.0,62.502786254882814,61.34269645690918,63.07892224594561,60.12433956105225,0.5673592205364528,0.48750805909393274,0.07985116144252008,64.340671402775,62.502786254882814,60.66490110699063,96882200.0
2018-09-10 00:00:00-04:00,64.0260358197213,64.58303398122467,63.93163142699342,64.1298828125,2065700,0.0,0.0,62.58161602020264,61.47085563659668,63.24060848695398,63.3489444957593,0.6091699217603121,0.5118404316272086,0.09732949013310355,64.55188094034136,62.58161602020264,60.611351100063914,98947900.0
2018-09-11 00:00:00-04:00,63.91273078326477,64.25259227703708,63.71447944566288,63.83721160888672,1676700,0.0,0.0,62.66091728210449,61.58280220031738,63.33239358263594,60.27847845924046,0.6116384956872309,0.531800044439213,0.07983845124801792,64.6981350909807,62.66091728210449,60.62369947322828,97271200.0
2018-09-12 00:00:00-04:00,63.818329507341964,64.20539680613383,63.48791059531968,64.11099243164062,1125400,0.0,0.0,62.71567173004151,61.704396896362304,63.45217802094435,62.12772178412731,0.6284423899443894,0.5511285135402483,0.07731387640414111,64.84489805696299,62.71567173004151,60.586445403120024,98396600.0
2018-09-13 00:00:00-04:00,64.29035864972698,65.76309426321329,64.18651167689806,65.45155334472656,2495000,0.0,0.0,62.93280506134033,61.85695686340332,63.759774224603156,69.59250278457017,0.7413854296234419,0.589179896756887,0.15220553286655492,65.24054751760033,62.93280506134033,60.62506260508033,100891600.0
2018-09-14 00:00:00-04:00,65.40434309252292,65.52707525344948,64.7246201177013,64.99839782714844,1461100,0.0,0.0,63.09093475341797,61.990068893432614,63.95033170191781,64.93333097796256,0.7852755712218951,0.6283990316498886,0.15687653957200642,65.50719377702315,63.09093475341797,60.67467572981279,99430500.0
2018-09-17 00:00:00-04:00,65.74421596959424,65.76310116805077,65.14001926565643,65.21554565429688,1816600,0.0,0.0,63.29957218170166,62.1182723236084,64.14498000228382,66.10440000526604,0.8280357587285678,0.6683263770656245,0.15970938166294335,65.69289833592,63.29957218170166,60.90624602748333,101247100.0
2018-09-18 00:00:00-04:00,65.23440169411931,65.39488981401988,64.58300661846691,65.07391357421875,1780400,0.0,0.0,63.51009616851807,62.22797164916992,64.28789285950458,64.5893065192673,0.8408027396038875,0.7028216495732771,0.13798109003061043,65.7446950483548,63.51009616851807,61.275497288681336,99466700.0
2018-09-19 00:00:00-04:00,65.17779396424979,65.7442275738463,65.02674116030718,65.668701171875,1183400,0.0,0.0,63.728646469116214,62.33918212890625,64.50032490756156,67.91509604302469,0.8886710060331424,0.7399915208652501,0.1486794851678923,65.90932220973608,63.728646469116214,61.547970728496345,100650100.0
2018-09-20 00:00:00-04:00,65.82917284364196,67.17917618114383,65.80084505117,67.15084838867188,2865600,0.0,0.0,63.987318420410155,62.49532928466797,64.9080977508093,74.37395778544062,1.0342812946776618,0.7988494756277325,0.23543181904992938,66.48063526495962,63.987318420410155,61.49400157586069,103515700.0
2018-09-21 00:00:00-04:00,67.43405895978636,67.46237954557922,66.61272595884084,66.76377868652344,3119700,0.0,0.0,64.22474765777588,62.63259521484375,65.19358712553455,70.38883644395878,1.105699393077586,0.8602194591177031,0.24547993395988288,66.82379164437602,64.22474765777588,61.62570367117574,100396000.0
2018-09-24 00:00:00-04:00,66.7260077314263,66.7260077314263,65.80082788862448,66.0368423461914,2333600,0.0,0.0,64.41214103698731,62.75664398193359,65.3233186979433,63.50657404719941,1.0910639570615501,0.9063883587064725,0.18467559835507763,66.96593402411759,64.41214103698731,61.85834804985702,98062400.0
2018-09-25 00:00:00-04:00,66.24456631787213,66.86764822617397,65.99911635635284,66.44281768798828,2090200,0.0,0.0,64.61511363983155,62.901273574829105,65.49554931179637,65.5333884832748,1.099549167425252,0.9450205204502284,0.15452864697502355,67.13674222345975,64.61511363983155,62.09348505620335,100152600.0
2018-09-26 00:00:00-04:00,66.62218657423765,67.01868928776061,66.1312794816748,66.39561462402344,1830300,0.0,0.0,64.78693256378173,63.038917541503906,65.63402089829285,65.08079590796731,1.0899011628363695,0.9739966489274566,0.11590451390891288,67.3021213118966,64.78693256378173,62.27174381566686,98322300.0
2018-09-27 00:00:00-04:00,66.6316385957518,66.88653117546481,66.17848742864776,66.8393325805664,1581700,0.0,0.0,64.96583290100098,63.186380004882814,65.81945346479647,67.36261717943866,1.1053179630355459,1.0002609117490744,0.10505705128647147,67.53003396650462,64.96583290100098,62.401631835497334,99904000.0
2018-09-28 00:00:00-04:00,66.73545931626303,67.02811497824044,66.51832281691196,66.5938491821289,2248100,0.0,0.0,65.1206579208374,63.30703025817871,65.938591267463,64.83827319758666,1.0852177153044522,1.01725227246015,0.06796544284430217,67.68542735297574,65.1206579208374,62.55588848869907,97655900.0
2018-10-01 00:00:00-04:00,66.86727063040139,67.71872288477145,66.83889009156205,67.41598510742188,2837500,0.149,0.0,65.30337276458741,63.4497876739502,66.16588262745667,69.02476609903833,1.1226859971304748,1.038339017394215,0.08434697973625971,67.97336322138887,65.30337276458741,62.63338230778595,100493400.0
2018-10-02 00:00:00-04:00,67.39706442573078,67.86063731711256,67.1510949275134,67.8133316040039,2617500,0.0,0.0,65.51870098114014,63.60294677734375,66.41933631615625,70.83232485655324,1.170944502594665,1.064860114434305,0.10608438816035992,68.26784711996756,65.51870098114014,62.76955484231273,103110900.0
2018-10-03 00:00:00-04:00,67.81331665373239,68.46609781795836,67.73763041657986,68.22958374023438,3203100,0.0,0.0,65.7694730758667,63.744227981567384,66.69783591986058,72.63393941932655,1.2286150746936073,1.0976111064861656,0.13100396820744176,68.54685249244396,65.7694730758667,62.99209365928943,106314000.0
2018-10-04 00:00:00-04:00,68.04037642480456,68.2390474081216,66.67806007951093,66.84835052490234,2961800,0.0,0.0,65.93230228424072,63.835793533325194,66.72099201294392,59.500563642119666,1.1496134137224772,1.108011567933428,0.04160184578904924,68.55758265382502,65.93230228424072,63.30702191465642,103352200.0
2018-10-05 00:00:00-04:00,66.85779529696552,67.34028601875099,65.70360548531698,66.50775909423828,2376800,0.0,0.0,66.07621459960937,63.905630645751955,66.68818694852767,56.774467145127936,1.047446831156833,1.095898620578109,-0.048451789421275926,68.48762833745248,66.07621459960937,63.66480086176627,100975400.0
2018-10-08 00:00:00-04:00,66.18612361659729,66.27127246998029,65.24952953642153,65.75093841552734,2179400,0.0,0.0,66.15726737976074,63.9792130279541,66.54399486652763,51.16481991225888,0.895091912256305,1.0557372789137482,-0.16064536665744322,68.40496785724014,66.15726737976074,63.90956690228134,98796000.0
2018-10-09 00:00:00-04:00,65.59955585741181,65.87391311529419,65.00354284618781,65.66578674316406,2179200,0.0,0.0,66.2486961364746,64.07223907470703,66.40888592447169,50.559520425672055,0.7587323191712727,0.9963362869652531,-0.2376039677939804,68.24631958784899,66.2486961364746,64.25107268510023,96616800.0
2018-10-10 00:00:00-04:00,65.6657815615506,65.6657815615506,63.01682061834906,63.07358169555664,3055700,0.0,0.0,66.1968255996704,64.0867984008789,65.8957621969463,36.43020022335326,0.43646577014541776,0.884362183601286,-0.4478964134558683,68.45116633695436,66.1968255996704,63.94248486238645,93561100.0
2018-10-11 00:00:00-04:00,63.04520145397423,63.35740181576257,61.13417059465739,61.38960266113281,3624200,0.0,0.0,65.99372806549073,64.08769248962402,65.20250688374422,30.472502616008377,0.04466925440023317,0.7164235977610754,-0.6717543433608423,69.06420849297719,65.99372806549073,62.92324763800427,89936900.0
2018-10-12 00:00:00-04:00,62.53432362278376,63.41415632165923,61.77748286947577,62.666770935058594,3669500,0.0,0.0,65.87714672088623,64.10827690124512,64.8123936608695,38.665084554887926,-0.16092050963852955,0.5409547762811544,-0.701875285919684,69.25191745514579,65.87714672088623,62.502375986626674,93606400.0
2018-10-15 00:00:00-04:00,62.364044606731035,62.77084920257102,61.83425526064677,62.08968734741211,1602800,0.0,0.0,65.72085380554199,64.10901145935058,64.39351576649145,36.568343637307926,-0.3661964171205909,0.3595245376008053,-0.7257209547213963,69.47222610300176,65.72085380554199,61.969481508082225,92003600.0
2018-10-16 00:00:00-04:00,62.6762261797712,63.92502013343206,62.43024953527906,63.820953369140625,1868300,0.0,0.0,65.65820579528808,64.12964424133301,64.30542924382209,46.024826114865306,-0.38474524982910907,0.21067058011482243,-0.5954158299439315,69.49165241973208,65.65820579528808,61.82475917084409,93871900.0
2018-10-17 00:00:00-04:00,63.54661640674129,63.820973670981026,62.73300720046859,63.57499694824219,1991200,0.0,0.0,65.55352058410645,64.12364433288575,64.1930550445021,44.99846471807466,-0.41451370504472607,0.08563372308291273,-0.5001474281276388,69.49298842103485,65.55352058410645,61.61405274717804,91880700.0
2018-10-18 00:00:00-04:00,63.499316591114344,63.57499562759845,61.73965087622588,62.203216552734375,2327300,0.0,0.0,65.30613899230957,64.09549575805664,63.886926045768604,39.683188662001,-0.5425425410513753,-0.040001529743944886,-0.5025410113074305,69.43036406228744,65.30613899230957,61.1819139223317,89553400.0
2018-10-19 00:00:00-04:00,62.25997214714576,62.66677670597699,60.77466382170852,60.99225997924805,2418300,0.0,0.0,65.0175630569458,64.05615623474121,63.44159280476544,35.67688621477046,-0.7332677370492107,-0.17865477120499804,-0.5546129658442126,69.48669002741596,65.0175630569458,60.54843608647564,87135100.0
2018-10-22 00:00:00-04:00,61.20039040056473,61.342293085308945,60.112424104555046,60.812503814697266,2227900,0.0,0.0,64.7563461303711,64.02134056091309,63.037117575524185,35.11024143290797,-0.888679505022516,-0.3206597179685016,-0.5680197870540145,69.55518738004098,64.7563461303711,59.957504880701215,84907200.0
2018-10-23 00:00:00-04:00,59.431275609861096,59.7245544564863,58.068955398503086,59.34613037109375,4219800,0.0,0.0,64.40151176452636,63.96323944091797,62.469273390227194,30.811144316591022,-1.117289119248916,-0.47998559822458453,-0.6373035210243315,69.67507766249912,64.40151176452636,59.12794586655361,80687400.0
2018-10-24 00:00:00-04:00,59.52585831656958,60.320545721591195,57.71889099917641,57.832420349121094,3481200,0.0,0.0,63.97335205078125,63.859569778442385,61.755911383903175,27.119589405457827,-1.4044183729540478,-0.6648721531704772,-0.7395462197835706,69.88203358563295,63.97335205078125,58.06467051592954,77206200.0
2018-10-25 00:00:00-04:00,58.173015093938844,59.49749201312829,57.77566949193864,59.23259735107422,3318300,0.0,0.0,63.59301528930664,63.82204399108887,61.367709225006415,34.89048225076105,-1.5016773906816994,-0.8322332006727217,-0.6694441900089777,69.69105394258847,63.59301528930664,57.494976636024816,80524500.0
2018-10-26 00:00:00-04:00,58.48521900529926,59.70563289132472,57.832441247362624,59.34613037109375,3119900,0.0,0.0,63.23062934875488,63.77225051879883,61.056697093635236,35.49110756044856,-1.5517075780088518,-0.9761280761399477,-0.5755795018689042,69.43280530792674,63.23062934875488,57.02845338958302,83644400.0
2018-10-29 00:00:00-04:00,60.216502067265836,60.708448307352704,57.83243908004438,58.73119354248047,2919900,0.0,0.0,62.796389770507815,63.72601844787598,60.6989273165345,33.678891654975764,-1.622276530727099,-1.105357767057378,-0.516918763669721,68.9817171290959,62.796389770507815,56.61106241191973,80724500.0
2018-10-30 00:00:00-04:00,58.98662131391902,60.282721316955985,58.3527651913884,60.207035064697266,3076700,0.0,0.0,62.41607494354248,63.71289047241211,60.62325158548262,41.41103844716533,-1.5413471667742158,-1.1925556470007455,-0.34879151977347034,68.24588862399773,62.41607494354248,56.58626126308724,83801200.0
2018-10-31 00:00:00-04:00,60.87873102186669,62.420807652450904,60.72736574337131,61.29499816894531,3820700,0.0,0.0,62.06934566497803,63.712836532592775,60.72659721370765,46.37443863127226,-1.3735866805261097,-1.2287618537058183,-0.1448248268202914,67.26528913074362,62.06934566497803,56.873402199212435,87621900.0
2018-11-01 00:00:00-04:00,61.559891392485895,61.815323451828995,61.096325764428855,61.70180130004883,1882400,0.0,0.0,61.81201820373535,63.70732437133789,60.87662861160629,48.14341569514891,-1.1940454608359872,-1.221818575131852,0.02777311429586482,66.52287790149754,61.81201820373535,57.10115850597317,89504300.0
2018-11-02 00:00:00-04:00,62.250523700639754,63.01682719425872,61.90994276617829,62.37350845336914,2272100,0.0,0.0,61.605305671691895,63.71449066162109,61.10691781803135,51.01670099850127,-0.9861884307758828,-1.174692546260658,0.1885041154847753,65.8093913709041,61.605305671691895,57.401219972479694,91776400.0
2018-11-05 00:00:00-05:00,62.46808296433854,62.80866373687227,61.71124241702432,62.35456085205078,2348700,0.0,0.0,61.435486793518066,63.715802383422854,61.29886290018818,50.9309743634468,-0.8136103562667216,-1.1024761082618708,0.2888657519951492,65.20828486080056,61.435486793518066,57.66268872623558,89427700.0
2018-11-06 00:00:00-05:00,62.477587052103985,62.837086009566896,62.12754346505641,62.42082595825195,2287300,0.0,0.0,61.27323875427246,63.71655158996582,61.471472601428765,51.23956752525286,-0.6638415958999957,-1.0147492057894958,0.3509076098895001,64.5510121864442,61.27323875427246,57.99546532210073,91715000.0
2018-11-07 00:00:00-05:00,62.92222092067873,64.6913419867592,62.704624746078856,64.57781982421875,2700600,0.0,0.0,61.348450660705566,63.748923263549806,61.94937217416569,60.04745916566442,-0.3668683658956624,-0.8851730378107291,0.5183046719150667,64.84944703566771,61.348450660705566,57.84745428574343,94415600.0
2018-11-08 00:00:00-05:00,64.32238714654795,64.67243069205037,63.74529203474516,64.1331787109375,2444600,0.0,0.0,61.4856294631958,63.76636032104492,62.28534241059212,57.732362475883924,-0.1654861421267242,-0.7412356586739282,0.575749516547204,65.19134219995917,61.4856294631958,57.77991672643243,91971000.0
2018-11-09 00:00:00-05:00,63.95339748192094,64.10476993802182,63.10194546094339,63.641197204589844,2573500,0.0,0.0,61.53435077667236,63.76923728942871,62.49393545582254,55.196588282862066,-0.0450685525904575,-0.602002237457234,0.5569336848667765,65.32553624352823,61.53435077667236,57.74316530981648,89397500.0
2018-11-12 00:00:00-05:00,62.59109068048807,62.67623228620189,60.97332799355517,61.020633697509766,3000000,0.0,0.0,61.48089809417725,63.71441619873047,62.26727364685134,44.08833976778679,-0.15925848667993137,-0.5134534873017735,0.35419500062184217,65.26940172927607,61.48089809417725,57.69239445907842,86397500.0
2018-11-13 00:00:00-05:00,61.105792103225994,61.938326527560974,60.490857480854174,60.86927795410156,2216500,0.0,0.0,61.33331432342529,63.66166641235352,62.0521973864283,43.54328090994092,-0.25898258566373755,-0.46255930697416636,0.2035767213104288,64.97272087075879,61.33331432342529,57.6939077760918,84181000.0
2018-11-14 00:00:00-05:00,61.15308014966743,61.342288527158566,59.866442972784284,60.04619598388672,4852600,0.0,0.0,61.15687427520752,63.59830749511719,61.74358178603728,40.60351875331211,-0.3998215943358403,-0.45001176444650115,0.05019017011066085,64.68491369962253,61.15687427520752,57.628834850792515,79328400.0
2018-11-15 00:00:00-05:00,59.904305738177925,61.44637545219786,59.16638271898017,61.22878646850586,3846100,0.0,0.0,61.10815277099609,63.55104789733887,61.66438250641706,46.22144636128468,-0.41127147307700085,-0.4422637061726011,0.03099223309560023,64.60381220530877,61.10815277099609,57.612493336683414,83174500.0
2018-11-16 00:00:00-05:00,60.90712347348199,62.06131372134223,60.90712347348199,61.48421859741211,2963300,0.0,0.0,61.1327507019043,63.50814201354981,61.63666498195476,47.37915445557947,-0.3951789692369374,-0.43284675878546836,0.03766778954853095,64.63172391146182,61.1327507019043,57.63377749234678,86137800.0
2018-11-19 00:00:00-05:00,61.18147140861904,61.45582865655739,59.03392635453367,59.23259735107422,3392100,0.0,0.0,61.053755378723146,63.41019630432129,61.26680842335775,39.33971668016954,-0.557683927825245,-0.4578141925934237,-0.0998697352318213,64.64812005338318,61.053755378723146,57.459390704063104,82745700.0
2018-11-20 00:00:00-05:00,62.67625772303918,64.7386616621109,61.427463140893735,63.87774658203125,8187200,0.0,0.0,61.28033618927002,63.41100700378418,61.668491216999826,55.9471189344549,-0.3080940401719303,-0.42787016210912504,0.11977612193719472,64.98518309427844,61.28033618927002,57.575489284261586,90932900.0
2018-11-21 00:00:00-05:00,64.01020210145678,64.96571420616769,63.565554281521976,64.06696319580078,3557600,0.0,0.0,61.592063331604,63.41012641906738,62.03748690604613,56.46991351782259,-0.09394116139444719,-0.3610843619661895,0.2671432005717423,65.12938274480874,61.592063331604,58.05474391839927,94490500.0
2018-11-23 00:00:00-05:00,63.42361812980175,64.90892630027604,63.42361812980175,64.53050231933594,1374300,0.0,0.0,61.85695858001709,63.39170539855957,62.42102773885994,57.79142005644504,0.11189046757526455,-0.2664893960578987,0.3783798636331632,65.44100928484451,61.85695858001709,58.272907875189674,95864800.0
2018-11-26 00:00:00-05:00,65.22115191458876,65.56173290770722,64.70081783681334,65.5144271850586,2406300,0.0,0.0,62.16537342071533,63.40202598571777,62.89693534596743,60.53048187954534,0.3503691921809775,-0.14311767841012343,0.49348687059110097,65.89089409027979,62.16537342071533,58.43985275115088,98271100.0
2018-11-27 00:00:00-05:00,65.15493394817203,65.7698650894991,64.99409880776413,65.61849975585938,2533600,0.0,0.0,62.509738731384275,63.41008506774902,63.31563756287388,60.82009848802057,0.5415207718968418,-0.006189988348730385,0.5477107602455722,66.17460604148731,62.509738731384275,58.84487142128124,100804700.0
2018-11-28 00:00:00-05:00,66.05365044150643,67.63356272697794,65.68468906269182,67.62410736083984,2661300,0.0,0.0,62.880592346191406,63.46108894348144,63.97847907025326,65.99806917223691,0.8451037185456372,0.16406875303014315,0.681034965515494,67.00999753900982,62.880592346191406,58.751187153373,103466000.0
2018-11-29 00:00:00-05:00,67.38759571543676,68.28634634385172,67.38759571543676,67.7092514038086,2625800,0.0,0.0,63.20130500793457,63.50189994812012,64.55244404464639,66.20227900410754,1.0801149113016635,0.34727798468444726,0.7328369266172162,67.76210852056508,63.20130500793457,58.64050149530406,106091800.0
2018-11-30 00:00:00-05:00,67.7660274663494,68.73100918062809,67.49167020318541,68.44718933105469,2279500,0.0,0.0,63.538574409484866,63.52782676696777,65.15163562717075,67.99628429357637,1.3107983310326858,0.5399820539540949,0.7708162770785909,68.57842403782243,63.538574409484866,58.498724781147295,108371300.0
2018-12-03 00:00:00-05:00,69.37430921987729,70.75555053199804,69.24186191719699,70.64202117919922,4265200,0.0,0.0,63.952000045776366,63.60539161682129,65.99631032748282,72.64688633248278,1.651681632599491,0.7623219696831741,0.8893596629163169,69.82879481119876,63.952000045776366,58.07520528035397,112636500.0
2018-12-04 00:00:00-05:00,70.67044033137772,71.0583270853601,68.71210303692772,68.97700500488281,4263800,0.0,0.0,64.28312225341797,63.664194869995114,66.45487873939051,64.93771554722066,1.7671110585812926,0.9632797874627979,0.8038312711184947,70.49906318151574,64.28312225341797,58.0671813253202,108372700.0
2018-12-06 00:00:00-05:00,67.35923062134154,68.04985515198287,66.12936130652525,68.03093719482422,3505900,0.0,0.0,64.56362781524658,63.695957260131834,66.6973492709957,60.97809981335786,1.7619394039631544,1.1230117107628692,0.6389276932002852,70.92277728742786,64.56362781524658,58.20447834306529,104866800.0
2018-12-07 00:00:00-05:00,67.84168264094419,68.20118136357623,65.8928093681024,66.46044158935547,2184500,0.0,0.0,64.65775890350342,63.69725379943848,66.66090193535874,54.984403981370335,1.6125267555615324,1.2209147197226018,0.39161203583893056,71.07047124529319,64.65775890350342,58.24504656171366,102682300.0
2018-12-10 00:00:00-05:00,66.6307392516518,66.89563383596632,64.87107412117841,66.7821044921875,2347200,0.0,0.0,64.79020519256592,63.696109237670896,66.67954848256316,55.939655283048296,1.5027489092555726,1.277281557629196,0.22546735162637654,71.26324493143227,64.79020519256592,58.31716545369957,105029500.0
2018-12-11 00:00:00-05:00,67.88903031858467,68.53234915861321,66.8862053157568,67.21733093261719,2926000,0.0,0.0,64.96901187896728,63.70857887268066,66.76228424410994,57.26118250372188,1.4343341997423806,1.308692086051833,0.12564211369054767,71.50250253380511,64.96901187896728,58.435521224129445,107955500.0
2018-12-12 00:00:00-05:00,68.27690442542152,69.09997628194536,67.7376524415857,67.87956237792969,2842900,0.0,0.0,65.31195831298828,63.71785041809082,66.93417318777452,59.26331633409504,1.4172148224023573,1.330396633321938,0.08681818908041938,71.69884909795253,65.31195831298828,58.92506752802404,110798400.0
2018-12-13 00:00:00-05:00,68.24850075594757,68.75937202297546,67.07539296749655,67.30244445800781,2200600,0.0,0.0,65.6336166381836,63.7076326751709,66.99083030627195,56.76751545591402,1.3416137118156684,1.332640049020684,0.00897366279498435,71.73471841170361,65.6336166381836,59.53251486466358,108597800.0
2018-12-14 00:00:00-05:00,66.62131764697419,66.80107074739686,65.40090351756665,65.61849975585938,1982700,0.0,0.0,65.91223182678223,63.6554109954834,66.7797025292854,50.13318326249397,1.1327612562066776,1.2926642904578827,-0.1599030342512051,71.45020338214309,65.91223182678223,60.37426027142138,106615100.0
2018-12-17 00:00:00-05:00,65.3819670193349,65.87391323647962,63.764211227746344,64.18993377685547,2241700,0.0,0.0,66.0602891921997,63.602242660522464,66.3812765673731,45.29678691647634,0.8422617754960982,1.2025837874655259,-0.3603220119694277,71.23597997159685,66.0602891921997,60.88459841280257,104373400.0
2018-12-18 00:00:00-05:00,64.75754215115012,65.3062564637405,63.75472491753278,64.32235717773438,2112000,0.0,0.0,66.20219612121582,63.55853462219238,66.06451973819792,45.81857736407004,0.6156277325536905,1.0851925764831587,-0.4695648439294682,71.01085725063756,66.20219612121582,61.393534991794084,106485400.0
2018-12-19 00:00:00-05:00,64.58726124962061,65.36302713680993,62.25996358805262,63.224945068359375,2845500,0.0,0.0,66.40181350708008,63.50801475524902,65.62766209668429,42.22411807031497,0.3435069012093095,0.9368554414283888,-0.5933485402190793,70.2775814074644,66.40181350708008,62.52604560669576,103639900.0
2018-12-20 00:00:00-05:00,62.751923687170816,62.87490842259724,61.10578032959339,61.67341995239258,3547800,0.0,0.0,66.29159717559814,63.42816741943359,65.01931715140864,37.71881737410273,0.002623825791616241,0.7500091183010343,-0.7473852925094181,70.55426589506581,66.29159717559814,62.02892845613047,100092100.0
2018-12-21 00:00:00-05:00,61.701808754762894,62.657327882104035,59.80969567288897,59.875919342041016,4683100,0.0,0.0,66.08204498291016,63.36421417236328,64.2280251807367,33.287442023276284,-0.4078700720228454,0.5184332802362583,-0.9263033522591038,71.10569716733383,66.08204498291016,61.058392798486494,95409000.0
2018-12-24 00:00:00-05:00,59.53533676121351,60.19757704331437,58.86363750188971,59.28936004638672,1668500,0.0,0.0,65.81998786926269,63.32220932006836,63.468230544682854,31.967611355686426,-0.7716250631601866,0.26042161155696936,-1.032046674717156,71.62593674509817,65.81998786926269,60.01403899342721,93740500.0
2018-12-26 00:00:00-05:00,59.53534261035202,62.04239406428599,59.37451111040735,62.00455093383789,1701800,0.0,0.0,65.64449405670166,63.30896492004395,63.243049066091324,43.19540428881844,-0.8312284177513405,0.0420916056953074,-0.8733200234466478,71.68425302301122,65.64449405670166,59.6047350903921,95442300.0
2018-12-27 00:00:00-05:00,61.020623492956524,62.91273584932727,60.54759540386384,62.89381790161133,1655000,0.0,0.0,65.50825996398926,63.32504753112793,63.18932119463286,46.320094006201565,-0.7975148386741466,-0.1258296831785834,-0.6716851554955632,71.66598342159489,65.50825996398926,59.35053650638364,97097300.0
2018-12-28 00:00:00-05:00,63.52356994767212,63.65634481442709,62.31910292479665,62.55620193481445,1927700,0.164,0.0,65.25486469268799,63.29975250244141,63.091918231583875,45.30124675094697,-0.7889449055385,-0.2584527276505667,-0.5304921778879333,71.46036941079512,65.25486469268799,59.04935997458086,95169600.0
2018-12-31 00:00:00-05:00,62.916576705576766,63.997754622638936,62.916576705576766,63.978782653808594,1572100,0.0,0.0,65.06834125518799,63.307828216552736,63.228358911926136,50.26531395688069,-0.6597575227285546,-0.3387136866661643,-0.3210438360623903,71.19124898631931,65.06834125518799,58.945433524056675,96741700.0
2019-01-02 00:00:00-05:00,63.068338884940054,63.13472632065458,61.930266491065886,62.300140380859375,2113300,0.0,0.0,64.76098880767822,63.309766693115236,63.085556060992786,45.067833907311375,-0.6849325178252172,-0.4079574528979749,-0.27697506492724233,70.79103037703398,64.76098880767822,58.73094723832245,94628400.0
2019-01-03 00:00:00-05:00,62.14839368075799,62.38549269967478,58.80055669136302,60.00502014160156,5383900,0.0,0.0,64.22913875579835,63.290021896362305,62.61162745800952,39.1129062610321,-0.8799375328665207,-0.5023534688916841,-0.37758406397483657,69.95945137004387,64.22913875579835,58.49882614155282,89244500.0
2019-01-04 00:00:00-05:00,60.78271802844003,62.54673580175492,60.78271802844003,62.08202362060547,3123700,0.0,0.0,63.88438968658447,63.31541229248047,62.530149944562744,46.059065492967285,-0.8570045744414045,-0.5732836900016282,-0.2837208844397764,69.2485903605902,63.88438968658447,58.52018901257873,92368200.0
2019-01-07 00:00:00-05:00,62.252702818696605,63.95033225312179,62.22425210099617,63.40026092529297,3235100,0.0,0.0,63.65285587310791,63.39649490356445,62.6640131723674,49.960909930743405,-0.7241121915470359,-0.6034493903107097,-0.12066280123632622,68.66965984852438,63.65285587310791,58.636051897691445,95603300.0
2019-01-08 00:00:00-05:00,64.10209163076232,64.69009984242197,63.25801964500036,64.3297119140625,1578100,0.0,0.0,63.54631938934326,63.52644073486328,62.92027451724357,52.566205106681565,-0.5375979985336841,-0.5902791119553046,0.05268111342162052,68.40821627713134,63.54631938934326,58.68442250155517,97181400.0
2019-01-09 00:00:00-05:00,64.68060343822175,66.06526794705526,64.49092713504062,65.67642211914062,2442300,0.0,0.0,63.491035270690915,63.65531723022461,63.344297225227734,56.13026416275629,-0.27791229820606844,-0.5278057492054573,0.24989345099938887,68.22804091708018,63.491035270690915,58.754029624301644,99623700.0
2019-01-10 00:00:00-05:00,65.48676471080503,66.34031555708168,65.05998205197746,66.29290008544922,1080900,0.0,0.0,63.44481372833252,63.79425262451172,63.797928434492576,57.69721047987937,-0.02211001946088942,-0.4266666032565437,0.4045565837956543,68.05173354378712,63.44481372833252,58.83789391287792,100704600.0
2019-01-11 00:00:00-05:00,65.71435974274402,66.77656586814847,65.3824225897074,66.74810791015625,1210800,0.0,0.0,63.38824100494385,63.95459091186523,64.2518021999793,58.86555672089059,0.21486971223302476,-0.29835934015862997,0.5132290523916547,67.79957409905646,63.38824100494385,58.976907910831244,101915400.0
2019-01-14 00:00:00-05:00,66.1221687851881,66.6627542035584,66.07474609198363,66.15061950683594,2182700,0.0,0.0,63.33064975738525,64.07346260070801,64.5439279394957,56.653806402486964,0.3504260429279782,-0.16860226354130833,0.5190283064692865,67.56249828057007,63.33064975738525,59.09880123420044,99732700.0
2019-01-15 00:00:00-05:00,66.34032041807443,67.09904037668029,66.02735512816255,66.95677947998047,1793100,0.0,0.0,63.397563743591306,64.18669822692871,64.91513586880104,58.897774186836486,0.5169467438323778,-0.03149246206657108,0.5484392058989489,67.8104475883006,63.397563743591306,58.984679898882014,101525800.0
2019-01-16 00:00:00-05:00,67.16540960832575,67.45941007557019,66.35927439331857,66.41617584228516,1480300,0.0,0.0,63.50887584686279,64.28098571777343,65.14606509549091,56.77518180632538,0.5983954729432384,0.09448512493539082,0.5039103480078475,68.1046147467688,63.50887584686279,58.91313694695678,100045500.0
2019-01-17 00:00:00-05:00,66.16010781624185,67.56372986187117,66.16010781624185,67.1654052734375,1225800,0.0,0.0,63.65102825164795,64.3768236541748,65.456732815175,58.981499495173686,0.7151568481169761,0.2186194695717079,0.49653737854526825,68.50712523644029,63.65102825164795,58.794931266855606,101271300.0
2019-01-18 00:00:00-05:00,67.611151530103,68.57851226385127,67.19385497578281,68.21812438964844,1551700,0.0,0.0,63.9006872177124,64.49409492492676,65.88156228817091,61.92244067675014,0.8824642157358227,0.35138841880453087,0.5310757969312918,69.1416531190799,63.9006872177124,58.65972131634489,102823000.0
2019-01-22 00:00:00-05:00,67.75342042859988,67.79135714129073,66.83347504398911,67.63961029052734,1972700,0.0,0.0,64.19899673461914,64.59847061157227,66.15203121161036,59.40190386192433,0.9573396415388089,0.4725786633513865,0.4847609781874224,69.57631340396628,64.19899673461914,58.82168006527201,100850300.0
2019-01-23 00:00:00-05:00,68.23709780702207,69.09065576049977,67.08953937233635,67.95258331298828,2050300,0.0,0.0,64.6028299331665,64.66596588134766,66.42903922720697,60.342383141312474,1.0300593798823314,0.5840748066575755,0.44598457322475593,69.83191134057084,64.6028299331665,59.37374852576217,102900600.0
2019-01-24 00:00:00-05:00,67.77239947050549,68.47421071418358,67.70601201820742,68.45524597167969,1509600,0.0,0.0,65.06112422943116,64.7524072265625,66.74076334174123,61.87017022396169,1.1153934111310235,0.6903385275522651,0.4250548835787584,69.94218836919862,65.06112422943116,60.180060089663705,104410200.0
2019-01-25 00:00:00-05:00,69.03377427558071,69.92526919991573,68.81563992161078,69.84939575195312,2215300,0.0,0.0,65.45336647033692,64.87657119750976,67.21901448177383,65.80492178700453,1.280753749582658,0.8084215719583436,0.47233217762431434,70.54515908264277,65.45336647033692,60.361573858031065,106625500.0
2019-01-28 00:00:00-05:00,69.00529874822665,69.49846151141196,68.67336157726658,69.48897552490234,1729600,0.0,0.0,65.78312435150147,65.04593803405761,67.56823925763975,63.967140636720075,1.3669626148773801,0.9201297805421509,0.44683283433522925,71.02128827401242,65.78312435150147,60.54496042899052,104895900.0
2019-01-29 00:00:00-05:00,69.89678242973997,70.23820556920072,69.42258442889862,69.76400756835938,1684500,0.0,0.0,66.14351463317871,65.22383262634277,67.90604976698123,64.775562963778,1.4408671297301936,1.0242772503797595,0.4165898793504341,71.43555745605678,66.14351463317871,60.851471810300644,106580400.0
2019-01-30 00:00:00-05:00,69.93472697476705,71.68925832735013,69.6881491963936,71.54700469970703,1679500,0.0,0.0,66.52192573547363,65.45384880065917,68.46619667970828,69.54578898923857,1.6245827785716074,1.144338356018129,0.4802444225534783,72.20833633101893,66.52192573547363,60.835515139928326,108259900.0
2019-01-31 00:00:00-05:00,71.32888503048999,72.37211951592288,70.81675015894521,72.12554168701172,2951300,0.0,0.0,67.01319580078125,65.6717839050293,69.02917283467804,70.92181716966776,1.796156875328407,1.2747020598801846,0.5214548154482224,72.85145653350304,67.01319580078125,61.17493506805945,111211200.0
2019-02-01 00:00:00-05:00,72.22984559061807,72.63764893992685,71.71771086278405,72.11603546142578,1343900,0.0,0.0,67.61874656677246,65.88442024230957,69.50407477725462,70.86515745257593,1.9093536696030498,1.4016323818247576,0.5077212877782922,72.91057146645832,67.61874656677246,62.326921667086594,109867300.0
2019-02-04 00:00:00-05:00,72.24879004847783,72.29621273125233,71.43316910741791,72.10652923583984,2245900,0.0,0.0,68.11997184753417,66.14189888000489,69.90445238626772,70.8042404537827,1.9755232691207283,1.5164105592839516,0.45911270983677666,73.10950911075547,68.11997184753417,63.13043458431288,107621400.0
2019-02-05 00:00:00-05:00,71.88843920727544,72.5617996817662,71.87895321870818,72.37211608886719,1593500,0.0,0.0,68.5685646057129,66.3117862701416,70.2840929558984,71.54031032711397,2.026038877883252,1.6183362230038116,0.40770265487944046,73.39055093317391,68.5685646057129,63.746578278251874,109214900.0
2019-02-06 00:00:00-05:00,72.18242754815368,72.73249902118172,72.07810339859014,72.36262512207031,1504900,0.0,0.0,68.97021026611328,66.47769950866699,70.60386713530947,71.47096495629906,2.0417707577346818,1.7030231299499856,0.33874762778469614,73.64906480629753,68.97021026611328,64.29135572592904,107710000.0
2019-02-07 00:00:00-05:00,71.81254659225729,72.19190644105639,71.00641143586378,71.44267272949219,1660600,0.0,0.0,69.25852279663086,66.61594291687011,70.73291414979911,64.90382146038287,1.9574417461563627,1.753906853191261,0.20353489296510174,73.79856568214691,69.25852279663086,64.7184799111148,106049400.0
2019-02-08 00:00:00-05:00,71.19609539324121,71.8979064857403,70.90209491577971,71.888427734375,1318100,0.0,0.0,69.53829917907714,66.74342292785644,70.9106854705031,66.5095897808794,1.9046237831023944,1.7840502391734876,0.12057354392890685,74.00183886064488,69.53829917907714,65.0747594975094,107367500.0
2019-02-11 00:00:00-05:00,72.07809539510696,72.44796925314792,71.84099639709673,72.15396881103516,1018000,0.0,0.0,69.8085922241211,66.87413230895996,71.10195983058495,67.46458152918385,1.8627198377298413,1.7997841588847583,0.062935678845083,74.21793063587917,69.8085922241211,65.39925381236303,108385500.0
2019-02-12 00:00:00-05:00,72.83682411252532,73.26359946757577,72.48591494712093,73.09288787841797,2045500,0.0,0.0,70.1557056427002,66.98350791931152,71.40825645332849,70.65133609657804,1.8835610615428067,1.816539539416368,0.06702152212643875,74.45006019686333,70.1557056427002,65.86135108853706,110431000.0
2019-02-13 00:00:00-05:00,73.37739807177218,73.49120095619725,72.77990398579277,73.26358795166016,1376400,0.0,0.0,70.47104606628417,67.09459465026856,71.69369206845644,71.20356754986568,1.8920416722356066,1.8316399659802156,0.060401706255390986,74.70529729598756,70.47104606628417,66.23679483658078,111807400.0
2019-02-14 00:00:00-05:00,73.02648356911452,73.29203326074693,72.57125035796867,73.04544830322266,1618100,0.0,0.0,70.80250968933106,67.18655982971191,71.90165456611278,69.4062816496959,1.859722843447372,1.8372565414736468,0.022466301973725233,74.74288096770545,70.80250968933106,66.86213841095667,110189300.0
2019-02-15 00:00:00-05:00,73.62396868290699,74.26887816305546,73.47222910647066,74.2593994140625,1919700,0.0,0.0,71.1572093963623,67.25890739440918,72.26438454272044,73.42622504240644,1.9100478058774684,1.8518147943544112,0.058233011523057154,75.00007159661615,71.1572093963623,67.31434719610846,112109000.0
2019-02-19 00:00:00-05:00,73.97491728178991,74.27840383249273,73.4153668934307,73.51968383789062,2968000,0.0,0.0,71.42228736877442,67.34976097106933,72.45750751120816,67.59758662339026,1.868700618732035,1.855191959229936,0.013508659502099007,75.14722193549343,71.42228736877442,67.6973528020554,109141000.0
2019-02-20 00:00:00-05:00,73.52913480167875,74.7336016766792,73.33945851122651,74.5059814453125,2076500,0.0,0.0,71.76560592651367,67.4792618560791,72.77265734722421,70.91303466468328,1.8936893767602072,1.8628914427359902,0.030797934024217044,75.29317898087652,71.76560592651367,68.23803287215082,111217500.0
2019-02-21 00:00:00-05:00,73.66191142644757,74.52495521087302,72.55228990563215,73.87055969238281,3570800,0.0,0.0,72.0615047454834,67.62746421813965,72.94156540032553,66.21253662241345,1.8409980430527213,1.8585127627993363,-0.017514719746615004,75.23512806759229,72.0615047454834,68.88788142337452,107646700.0
2019-02-22 00:00:00-05:00,74.12662936018539,74.41114379776667,73.81365696672795,74.37320709228516,2797700,0.0,0.0,72.35740280151367,67.7792862701416,73.16181796831931,68.01847536227764,1.8188328528974438,1.8505767808189577,-0.031743927921513926,75.21912176599942,72.35740280151367,69.49568383702793,110444400.0
2019-02-25 00:00:00-05:00,74.82846102288416,75.71994852341685,74.78103831899159,75.2457504272461,1878000,0.0,0.0,72.62722053527833,67.93985466003419,73.48242296200036,70.92379182117907,1.8503441197766932,1.8505302486105049,-0.00018612883381163847,75.50970549155605,72.62722053527833,69.7447355790006,112322400.0
2019-02-26 00:00:00-05:00,75.12246639039776,75.17936785020157,74.3732324816611,74.49652862548828,1992600,0.0,0.0,72.87759819030762,68.07219398498535,73.63843921792157,65.42758279777378,1.794178910270901,1.839259980942584,-0.0450810706716831,75.48280640479076,72.87759819030762,70.27238997582448,110329800.0
2019-02-27 00:00:00-05:00,74.21200293417567,75.44492089317232,74.21200293417567,75.32162475585938,1254400,0.0,0.0,73.15547904968261,68.23257759094238,73.89739083914277,68.33759015989618,1.795547979772934,1.830517580708654,-0.0349696009357201,75.5500568018544,73.15547904968261,70.76090129751083,111584200.0
2019-02-28 00:00:00-05:00,75.09399880465364,75.63458425851584,74.81896308452198,75.34058380126953,1759100,0.0,0.0,73.34515800476075,68.42701927185058,74.11942052562381,68.40340158160053,1.7776709298169493,1.819948250530313,-0.042277320713363764,75.80027282801542,73.34515800476075,70.89004318150607,113343300.0
2019-03-01 00:00:00-05:00,75.87169732151335,77.23739018872104,75.87169732151335,77.0477066040039,1625900,0.0,0.0,73.59126625061035,68.68417472839356,74.56992607614383,73.70354368825122,1.87958707232238,1.8318760148887265,0.04771105743365345,76.45999282421799,73.59126625061035,70.7225396770027,114969200.0
2019-03-04 00:00:00-05:00,77.29427741119297,77.54086240806782,75.42593605102834,75.9949722290039,3204100,0.0,0.0,73.78521308898925,68.91762702941895,74.78916394581461,66.31593620160875,1.8540372956833409,1.8363082710476495,0.01772902463569137,76.7515964019638,73.78521308898925,70.81882977601471,111765100.0
2019-03-05 00:00:00-05:00,75.8906642314236,75.90015021985283,75.26472647318734,75.62511444091797,1405600,0.0,0.0,73.96114234924316,69.16563041687012,74.91777171429204,63.89285275885117,1.783386709287683,1.8257239586956562,-0.04233724940797323,76.9257801082684,73.96114234924316,70.99650459021792,110359500.0
2019-03-06 00:00:00-05:00,75.70099441117075,75.85274129638019,74.6672458895179,74.68621063232422,1750500,0.0,0.0,74.07684707641602,69.42588623046875,74.88214693245084,58.09022708501084,1.6328118809783376,1.7871415431521924,-0.1543296621738548,76.96400322364251,74.07684707641602,71.18969092918952,108609000.0
2019-03-07 00:00:00-05:00,74.62929198616234,75.0181306275314,73.98438234388053,74.66722869873047,1818100,0.0,0.0,74.19207725524902,69.72171241760253,74.84908258880155,57.97559096132581,1.494718378272907,1.7286569101763354,-0.2339385319034284,76.97857278767982,74.19207725524902,71.40558172281821,106790900.0
2019-03-08 00:00:00-05:00,74.14560129793988,74.20250274384647,73.40585355840454,73.95592498779297,1483500,0.0,0.0,74.31773986816407,70.01504371643067,74.71167372710792,53.69912576789867,1.312749459004138,1.645475419941896,-0.33272596093775797,76.8078606508871,74.31773986816407,71.82761908544104,105307400.0
2019-03-11 00:00:00-04:00,74.24044142797155,75.36903503972475,74.22147669072731,75.20780944824219,1210900,0.0,0.0,74.48370895385742,70.27910888671875,74.78800229959012,59.378374765568466,1.255086536661267,1.5673976432857701,-0.31231110662450323,76.73507561562828,74.48370895385742,72.23234229208656,106518300.0
2019-03-12 00:00:00-04:00,75.47336827155732,75.99498181898872,75.07504362027765,75.80530548095703,1532300,0.0,0.0,74.66627578735351,70.53733863830567,74.94451048133888,61.78751698341033,1.2432695541116487,1.5025720254509458,-0.25930247133929707,76.7154499869832,74.66627578735351,72.61710158772382,108050600.0
2019-03-13 00:00:00-04:00,76.0803316353284,76.57349439339055,75.89064808554484,75.9949722290039,1529100,0.0,0.0,74.8113800048828,70.80611404418946,75.10611998097966,62.546853538107506,1.2349730313985958,1.4490522266404757,-0.2140791952418799,76.80458619318016,74.8113800048828,72.81817381658546,109579700.0
2019-03-14 00:00:00-04:00,75.9285746648014,76.50709675199926,75.9285746648014,76.4501953125,1268500,0.0,0.0,74.9707103729248,71.05554229736327,75.31290080121356,64.37656498299745,1.2507132321570253,1.4093844277437857,-0.15867119558676035,76.95296598682465,74.9707103729248,72.98845475902495,110848200.0
2019-03-15 00:00:00-04:00,76.68730396977756,77.22788942030586,76.65885324643726,76.9149169921875,1999100,0.0,0.0,75.16418380737305,71.34783782958985,75.55936483059416,66.19234282404074,1.2858639709353383,1.3846803363820963,-0.09881636544675798,77.11207253821854,75.16418380737305,73.21629507652756,112847300.0
2019-03-18 00:00:00-04:00,76.9149148528371,77.09511240989693,76.3363927087172,76.7916259765625,1617700,0.0,0.0,75.29079513549804,71.68356994628907,75.74894346843544,65.24222198960072,1.2889148223393079,1.3655272335735387,-0.07661241123423079,77.31468629790173,75.29079513549804,73.26690397309436,111229600.0
2019-03-19 00:00:00-04:00,77.07613779511146,77.55033578316863,76.84852478683639,77.00975036621094,1172600,0.0,0.0,75.46529846191406,71.98212448120117,75.9429137604009,66.16748013369092,1.2940168387407027,1.3512251546069716,-0.057208315866268844,77.44971882183562,75.46529846191406,73.4808781019925,112402200.0
2019-03-20 00:00:00-04:00,77.08561713156718,77.2373639477858,76.10877051814074,76.74419403076172,1768300,0.0,0.0,75.57720909118652,72.24900314331055,76.06618764814871,63.93599766667948,1.262083533221741,1.3333968303299255,-0.07131329710818446,77.58491553303246,75.57720909118652,73.56950264934058,110633900.0
2019-03-21 00:00:00-04:00,76.3932844913187,78.0245191873578,76.3932844913187,77.7684555053711,986600,0.0,0.0,75.77210388183593,72.51777801513671,76.32807501079832,68.36723393950795,1.3043893113940044,1.3275953265427414,-0.02320601514873699,77.83528854986493,75.77210388183593,73.70891921380694,111620500.0
2019-03-22 00:00:00-04:00,77.33221595906885,77.46499082922915,74.89483836300064,74.91380310058594,1435800,0.0,0.0,75.79913368225098,72.70252563476562,76.11049471691949,49.94723764068007,1.094948469279501,1.2810659550900934,-0.1861174858105923,77.80157272866309,75.79913368225098,73.79669463583888,110184700.0
2019-03-25 00:00:00-04:00,75.0086474988451,75.73891658115578,74.60084410349573,75.41645812988281,923000,0.0,0.0,75.80766906738282,72.8849967956543,76.00371985737539,52.380174352860585,0.9584764332729634,1.2165480507266673,-0.2580716174537039,77.80203920195927,75.80766906738282,73.81329893280636,111107700.0
2019-03-26 00:00:00-04:00,76.24154370895177,76.85800247400263,75.99495875579417,76.48812866210938,1428200,0.0,0.0,75.90724906921386,73.07979721069336,76.07824428887292,57.16114973766694,0.9261204767699809,1.15846253593533,-0.2323420591653491,77.82731019505825,75.90724906921386,73.98718794336948,112535900.0
2019-03-27 00:00:00-04:00,76.34587271002275,76.6019364285778,74.81895467696735,74.92327880859375,1446100,0.0,0.0,75.88733177185058,73.25525039672851,75.90055729190689,49.36711212584903,0.7653849615453652,1.079847021057337,-0.3144620595119718,77.8392785589112,75.88733177185058,73.93538498478996,111089800.0
2019-03-28 00:00:00-04:00,75.29317295838315,75.67253288158709,74.64826325964307,75.58717346191406,1615600,0.0,0.0,75.89966125488282,73.42785827636719,75.85234439498493,52.336446720011644,0.6836904993232054,1.0006157167105107,-0.3169252173873054,77.84072295623126,75.89966125488282,73.95859955353437,112705400.0
2019-03-29 00:00:00-04:00,76.02344508951454,76.5071219559706,75.82427551428087,76.23208618164062,1585100,0.0,0.0,75.85888023376465,73.6241764831543,75.91076620831657,55.09156839013194,0.663339550730484,0.9331604835145054,-0.2698209327840214,77.73493135336852,75.85888023376465,73.98282911416078,114290500.0
2019-04-01 00:00:00-04:00,76.93913869585613,77.70890790544968,76.93913869585613,77.50933837890625,1522700,0.164,0.0,75.93459854125976,73.83105514526368,76.15670038840729,60.02049325488853,0.7417247144271073,0.8948733296970258,-0.15314861526991852,77.94400964069996,75.93459854125976,73.92518744181956,115813200.0
2019-04-02 00:00:00-04:00,77.65188975861214,77.69940941968419,77.00566152063672,77.11019897460938,1203000,0.0,0.0,76.00885276794433,74.00889663696289,76.30339247859223,57.88251002010202,0.7628447082691423,0.8684676054114491,-0.10562289714230677,78.0759592963876,76.00885276794433,73.94174623950107,114610200.0
2019-04-03 00:00:00-04:00,77.49033261183908,77.94648944482459,77.41430405618078,77.87046813964844,2141000,0.0,0.0,76.16806564331054,74.21351379394531,76.54448104183165,60.750430394164134,0.8313465774844531,0.8610433998260498,-0.029696822341596762,78.29286689421791,76.16806564331054,74.04326439240317,116751200.0
2019-04-04 00:00:00-04:00,77.77543088555089,77.97500766207521,76.4449673786042,76.81559753417969,2180100,0.0,0.0,76.27548408508301,74.39077407836913,76.58619127142366,55.14009745609684,0.7913928759777633,0.8471132950563925,-0.055720419078629235,78.30081928509684,76.27548408508301,74.25014888506918,114571100.0
2019-04-05 00:00:00-04:00,77.15771255693414,77.85145315084407,77.02466621699303,77.4238052368164,1502900,0.0,0.0,76.44887809753418,74.57014526367188,76.71505495840715,57.572969778313,0.7995893895264032,0.8376085139503947,-0.03801912442399147,78.2291528377195,76.44887809753418,74.66860335734886,116074000.0
2019-04-08 00:00:00-04:00,77.51882309935577,77.6518694149225,76.57799351056812,77.63286590576172,783300,0.0,0.0,76.57013092041015,74.72581466674805,76.85625664261555,58.40795043935154,0.8135762339658328,0.8328020579534823,-0.019225823987649493,78.32594534963529,76.57013092041015,74.81431649118501,116857300.0
2019-04-09 00:00:00-04:00,77.50933571413059,77.66139282464015,77.2337376391936,77.37628936767578,1254700,0.0,0.0,76.6486801147461,74.88356094360351,76.9362616772402,56.92719659263544,0.7947954197737346,0.8252007303175327,-0.030405310543798136,78.40116152805638,76.6486801147461,74.89619870143582,115602600.0
2019-04-10 00:00:00-04:00,77.40477184165525,78.1555372549425,77.40477184165525,77.62335205078125,982900,0.0,0.0,76.73009910583497,75.04074783325196,77.04196788855421,58.0305609810451,0.7907323130644386,0.8183070468669139,-0.027574733802475326,78.50469910926154,76.73009910583497,74.9554991024084,116585500.0
2019-04-11 00:00:00-04:00,77.81343295654267,77.85144722941756,76.87260326695282,77.05316925048828,1071500,0.0,0.0,76.76024780273437,75.15087112426758,77.0436911750056,54.557127678969245,0.7330531050715052,0.8012562585078322,-0.06820315343632699,78.53529006517168,76.76024780273437,74.98520554029706,115514000.0
2019-04-12 00:00:00-04:00,77.38578539547834,77.9844938821544,76.88210896614241,76.95813751220703,1249300,0.0,0.0,76.76240882873535,75.24752304077148,77.03052907303659,53.97722912518037,0.6719280814526485,0.7753906230967955,-0.10346254164414703,78.53830407032353,76.76240882873535,74.98651358714716,114264700.0
2019-04-15 00:00:00-04:00,76.97712851800247,77.10066944742645,75.94126693545978,76.40692901611328,1627300,0.0,0.0,76.7431739807129,75.33334091186524,76.9345906027407,50.61656499648867,0.5724097574879181,0.7347944499750201,-0.16238469248710197,78.52570769502734,76.7431739807129,74.96064026639846,112637400.0
2019-04-16 00:00:00-04:00,76.8060708129836,76.93911712671431,73.3563575347143,73.69847869873047,3441500,0.0,0.0,76.57761039733887,75.36517990112304,76.43672723289298,38.072993657752576,0.27185765775296034,0.6422070915306082,-0.37034943377764784,78.79292132817318,76.57761039733887,74.36229946650457,109195900.0
2019-04-17 00:00:00-04:00,74.2686894865523,74.43024471337468,70.76195064874602,71.68377685546875,4472000,0.0,0.0,76.32458953857422,75.35141311645508,75.70550409790464,31.7666873993206,-0.1274326831856598,0.48827913658735456,-0.6157118197730144,79.39637983514726,76.32458953857422,73.25279924200117,104723900.0
2019-04-18 00:00:00-04:00,71.9688738204374,72.73864286183753,71.56972760408107,72.38701629638672,2874100,0.0,0.0,76.055517578125,75.3519009399414,75.19496751305573,35.766128016625,-0.3827158987972581,0.314080129510432,-0.6967960283076902,79.49502969004091,76.055517578125,72.6160054662091,107598000.0
2019-04-22 00:00:00-04:00,72.15894709536047,72.90971272211813,71.39867608711732,71.81682586669922,2016000,0.0,0.0,75.90066871643066,75.35938400268554,74.67525341361626,34.024726849092836,-0.6238479578549629,0.126494512037353,-0.750342469892316,79.78228306917205,75.90066871643066,72.01905436368926,105582000.0
2019-04-23 00:00:00-04:00,70.59088434245746,72.98573266048636,70.09671332075035,71.80731201171875,4607100,0.0,0.0,75.72021141052247,75.35776168823242,74.23403165947818,33.99498533666212,-0.8064186483076838,-0.06008812003165437,-0.7463305282760295,79.99114719444101,75.72021141052247,71.44927562660392,100974900.0
2019-04-24 00:00:00-04:00,72.07342183600974,72.82418755311183,71.68378815399724,72.02590942382812,1942700,0.0,0.0,75.49710044860839,75.35520050048828,73.89432054630124,35.392399644438555,-0.9228304367470059,-0.2326365833747247,-0.6901938533722812,80.04170301844644,75.49710044860839,70.95249787877034,102917600.0
2019-04-25 00:00:00-04:00,71.52221781430954,73.21381304136825,71.21811088866394,72.90970611572266,1481400,0.0,0.0,75.39642181396485,75.35153686523438,73.7428414031353,40.84532284386139,-0.9330173675184597,-0.37271274020347167,-0.560304627314988,80.0746624447721,75.39642181396485,70.7181811831576,104399000.0
2019-04-26 00:00:00-04:00,73.15679343231231,73.6129501841528,72.5105653251376,73.57493591308594,1608900,0.0,0.0,75.29580993652344,75.3577638244629,73.71700978928155,44.63322705028325,-0.8772991400708889,-0.4736300201769551,-0.40366911989393384,80.03940871165123,75.29580993652344,70.55221116139565,106007900.0
2019-04-29 00:00:00-04:00,73.62244908277616,74.54427513616677,73.47989739144603,73.4894027709961,2177700,0.0,0.0,75.1586757659912,75.36664291381835,73.68199332492993,44.24095997578249,-0.8304707038035133,-0.5449981569022667,-0.28547254690124657,79.94446775317452,75.1586757659912,70.37288377880789,103830200.0
2019-04-30 00:00:00-04:00,73.59396529786146,74.68684505305852,73.53694025158977,74.601318359375,1726200,0.0,0.0,75.01327476501464,75.3734812927246,73.82342794561379,50.34989887866279,-0.6956178853894102,-0.5751221025996954,-0.12049578278971473,79.67977727246489,75.01327476501464,70.3467722575644,105556400.0
2019-05-01 00:00:00-04:00,74.59180572764049,75.00045014220868,73.44190103792118,73.62246704101562,1078600,0.0,0.0,74.83888816833496,75.37553695678712,73.79251088336791,45.612262713841545,-0.6601217039325036,-0.592122022866257,-0.06799968106624654,79.43911141384142,74.83888816833496,70.2386649228285,104477800.0
2019-05-02 00:00:00-04:00,73.56544947689667,74.44925423038433,73.31836030092612,74.31620788574219,946800,0.0,0.0,74.66117515563965,75.3717414855957,73.87307965296395,49.256516381713396,-0.5694474008877108,-0.5875870984705478,0.018139697582836956,79.04891600487359,74.66117515563965,70.27343430640572,105424600.0
2019-05-03 00:00:00-04:00,74.67732147197701,75.60864565473717,74.67732147197701,75.35205841064453,1303200,0.0,0.0,74.58799819946289,75.40137145996094,74.10061484645327,54.192038301690914,-0.409284900494157,-0.5519266588752696,0.1426417583811126,78.87728800894861,74.58799819946289,70.29870838997716,106727800.0
2019-05-06 00:00:00-04:00,73.76501248511948,75.46611317063916,73.37537161698933,75.40908813476562,1624300,0.0,0.0,74.48726234436035,75.42208908081055,74.30191842927056,54.454693078067386,-0.2745878649226654,-0.49645890008474874,0.22187103516208334,78.59626388311638,74.48726234436035,70.37826080560431,108352100.0
2019-05-07 00:00:00-04:00,74.68682407475079,74.85788466455239,72.25396879799975,72.8621826171875,1732200,0.0,0.0,74.24872817993165,75.37441772460937,74.08042061202701,42.68392228970703,-0.36909874312874535,-0.47098686869354806,0.1018881255648027,78.14815274336759,74.24872817993165,70.3493036164957,106619900.0
2019-05-08 00:00:00-04:00,72.96672336888935,73.46090165102717,72.34900414145754,72.80516815185547,2243600,0.0,0.0,74.02017211914062,75.34059051513673,73.88422792584677,42.46264667631039,-0.4434876364719287,-0.46548702224922417,0.021999385777295488,77.6885512910021,74.02017211914062,70.35179294727915,104376300.0
2019-05-09 00:00:00-04:00,71.91184919261276,73.23281428981089,71.13257476656437,73.17579650878906,1717500,0.0,0.0,73.79779434204102,75.29767395019532,73.77523847706867,44.47764810670071,-0.4671497479515381,-0.46581956738968694,-0.0013301805618511353,77.08492244357156,73.79779434204102,70.51066624051047,106093800.0
2019-05-10 00:00:00-04:00,72.83367500998537,73.3088425177491,70.41031782019807,73.27082824707031,2849800,0.0,0.0,73.60867729187012,75.25627883911133,73.69763690322277,45.009423773511315,-0.4727839160233742,-0.4672124371164244,-0.005571478906949812,76.54094529042486,73.60867729187012,70.67640929331539,108943600.0
2019-05-13 00:00:00-04:00,71.98786490701521,72.13992196328658,69.59302427457696,70.17272186279297,3547300,0.0,0.0,73.26940650939942,75.1187791442871,73.15534228161819,33.683177564047654,-0.7189526890017959,-0.5175604874934987,-0.20139220150829718,76.14258561077705,73.26940650939942,70.39622740802179,105396300.0
2019-05-14 00:00:00-04:00,70.73346136710994,72.86221055036546,70.60992038007825,72.23499298095703,2557700,0.0,0.0,73.0608097076416,75.04357955932618,73.01375008151648,43.8179547780045,-0.7391151120914401,-0.561871412413087,-0.17724369967835307,75.57602349961263,73.0608097076416,70.54559591567056,107954000.0
2019-05-15 00:00:00-04:00,64.01455468568808,66.42840602231851,62.95017706663299,64.28064727783203,14523800,0.0,0.0,72.58991813659668,74.81669021606446,71.67019580402656,26.80332375820295,-1.3810236180424056,-0.7257018535389508,-0.6553217645034548,77.14801763561195,72.58991813659668,68.03181863758141,93430200.0
2019-05-16 00:00:00-04:00,64.24263411477102,65.97224324380595,64.24263411477102,65.85820770263672,4567700,0.0,0.0,72.29863967895508,74.64013015747071,70.77604378842813,32.408970410786566,-1.7423599507199299,-0.9290334729751466,-0.8133264777447833,77.71489901104427,72.29863967895508,66.8823803468659,97997900.0
2019-05-17 00:00:00-04:00,65.0409202055251,66.3998993467436,64.80333649028046,65.67764282226562,3935700,0.0,0.0,71.96317100524902,74.46033843994141,69.99167440901851,32.105894722347365,-2.02000629924936,-1.1472280382299893,-0.8727782610193706,78.09926634497819,71.96317100524902,65.82707566551986,94062200.0
2019-05-20 00:00:00-04:00,65.25001213676592,66.49494881078691,65.23100137429513,65.50659942626953,4029700,0.0,0.0,71.64765968322754,74.29135192871094,69.30166287321097,31.80250220392959,-2.2281599623162833,-1.363414423047248,-0.8647455392690353,78.39944880700295,71.64765968322754,64.89587055945213,90032500.0
2019-05-21 00:00:00-04:00,65.92473442500494,66.9415924749291,64.86035673003167,64.9268798828125,3928200,0.0,0.0,71.30363807678222,74.08573333740235,68.62861933622659,30.742148825102717,-2.412096613914386,-1.5731508612206757,-0.8389457526937103,78.66175817372735,71.30363807678222,63.9455179798371,86104300.0
2019-05-22 00:00:00-04:00,64.7843175881482,65.23097607673122,64.1571004290051,64.59425354003906,4985400,0.0,0.0,70.93205528259277,73.86151229858399,68.00794767527466,30.12157928610676,-2.555252540784693,-1.769571197133479,-0.7856813436512138,78.83702013146728,70.93205528259277,63.02709043371826,81118900.0
2019-05-23 00:00:00-04:00,63.84349841828183,64.48022105664145,62.75061184095303,64.3376693725586,5358500,0.0,0.0,70.50345344543457,73.62836624145508,67.44328947485681,29.624793161163165,-2.6587603083506366,-1.9474090193769107,-0.7113512889737259,78.85022741297496,70.50345344543457,62.15667947789419,75760400.0
2019-05-24 00:00:00-04:00,64.75582991347709,66.41891625576726,64.69881213046679,64.96490478515625,3852900,0.0,0.0,70.07295188903808,73.39866043090821,67.06199952259519,32.55324559118568,-2.659521001497353,-2.089831415800999,-0.569689585696354,78.62722641395332,70.07295188903808,61.51867736412284,79613300.0
2019-05-28 00:00:00-04:00,65.03142493268993,65.44006927643338,63.63443130988138,63.74847412109375,2984700,0.0,0.0,69.58590545654297,73.13533157348633,66.55222638390266,29.95032178681445,-2.726846258486262,-2.2172343843380515,-0.5096118741482103,78.41155739958143,69.58590545654297,60.76025351350452,76628600.0
2019-05-29 00:00:00-04:00,63.28281712437029,64.61328784682657,63.28281712437029,63.95756149291992,3722100,0.0,0.0,69.05371761322021,72.87865028381347,66.15304716990532,30.972007989035745,-2.7318394614118233,-2.3201553997528057,-0.4116840616590176,77.88910184112635,69.05371761322021,60.21833338531408,80350700.0
2019-05-30 00:00:00-04:00,64.23313700339706,64.52774577378771,63.415855601403464,63.56790542602539,2947900,0.0,0.0,68.55098953247071,72.60981338500977,65.75533305546226,30.091184299147738,-2.735703116203638,-2.4032649430429722,-0.3324381731606656,77.43339940625333,68.55098953247071,59.66857965868808,77402800.0
2019-05-31 00:00:00-04:00,62.9501981182884,64.20464022253118,62.78864288338543,63.719974517822266,2829300,0.0,0.0,68.0211778640747,72.34932899475098,65.44220097274841,30.91690956683259,-2.695423224558695,-2.4616965993461166,-0.23372662521257848,76.72718706646907,68.0211778640747,59.315168661680325,80232100.0
2019-06-03 00:00:00-04:00,63.710449177576706,64.71780179784645,63.5013743506197,63.66292953491211,2560600,0.0,0.0,67.43672142028808,72.0672184753418,65.16846690538898,30.770086755448222,-2.6376984280370124,-2.4968969650842956,-0.14080146295271678,75.65126600142914,67.43672142028808,59.222176839147025,77671500.0
2019-06-04 00:00:00-04:00,64.2996731919936,64.62278362991226,63.111754375267274,64.57526397705078,4402800,0.0,0.0,66.89503021240235,71.86044769287109,65.07720491641388,36.00450211725132,-2.4896343906139577,-2.495444450190228,0.005810059576270454,74.32677877856213,66.89503021240235,59.46328164624256,82074300.0
2019-06-05 00:00:00-04:00,65.202480041786,65.58261546338326,64.51823773300698,64.95539093017578,2289200,0.0,0.0,66.49969062805175,71.65122634887695,65.05846430314648,38.1043778964498,-2.314934383373796,-2.4593424368269416,0.14440805345314578,73.4449603670505,66.49969062805175,59.554420889053006,84363500.0
2019-06-06 00:00:00-04:00,65.11694530365638,66.21933728728558,65.11694530365638,65.72516632080078,2469000,0.0,0.0,66.14569053649902,71.43596710205078,65.16103384432407,42.23778394133993,-2.090273555846622,-2.385528660630878,0.295255104784256,72.46262616289567,66.14569053649902,59.828754910102354,86832500.0
2019-06-07 00:00:00-04:00,66.23834421422956,66.73252245670086,65.88672491720077,66.0672836303711,1547400,0.0,0.0,65.79026489257812,71.25884719848632,65.3004568883313,44.02683889626221,-1.8631450474097875,-2.2810519379866596,0.41790689057687214,71.22304665580691,65.79026489257812,60.35748312934934,88379900.0
2019-06-10 00:00:00-04:00,66.21935199880716,67.04614617021254,65.9152450479135,66.79905700683594,1477100,0.0,0.0,65.4666763305664,71.08308486938476,65.53101075271663,47.75432809292843,-1.605587854957406,-2.145959121380809,0.5403712664234028,69.72203132666881,65.4666763305664,61.211321334463996,89857000.0
2019-06-11 00:00:00-04:00,68.66172113010398,68.99433701420176,66.34290082299522,66.60899353027344,1748200,0.0,0.0,65.28848991394042,70.89062301635742,65.69685425695613,46.88107354816978,-1.4006624931326712,-1.9968997957311814,0.5962373025985102,69.00502719388896,65.28848991394042,61.57195263399189,88108800.0
2019-06-12 00:00:00-04:00,66.59948750004463,66.79905700683594,65.5066006529175,66.79905700683594,1546800,0.0,0.0,65.01669311523438,70.67641738891602,65.8664239107838,47.90694426356511,-1.2089847101751587,-1.8393167786199769,0.6303320684448181,67.09581239283948,65.01669311523438,62.93757383762928,89655600.0
2019-06-13 00:00:00-04:00,67.0556451484389,67.19819686951439,66.41892234484763,66.80856323242188,1886900,0.0,0.0,65.14308891296386,70.47038467407226,66.01136842180503,47.96107772122271,-1.0442738740771063,-1.6803081977114027,0.6360343236342965,67.33229890476481,65.14308891296386,62.95387892116291,91542500.0
2019-06-14 00:00:00-04:00,66.81805213411712,66.95109845528188,66.27636146923756,66.49494171142578,1602700,0.0,0.0,65.17492561340332,70.24287414550781,66.08576431251592,46.253376837960694,-0.9283446067398273,-1.5299154795170877,0.6015708727772604,67.42254842590833,65.17492561340332,62.9273028008983,89939800.0
2019-06-17 00:00:00-04:00,66.76104273166402,67.0936585763162,66.41892150559846,66.79905700683594,1149200,0.0,0.0,65.23099632263184,70.04254333496094,66.19550165010361,48.18017362394439,-0.8026774978617794,-1.384467883186026,0.5817903853242465,67.57966578591697,65.23099632263184,62.882326859346705,91089000.0
2019-06-18 00:00:00-04:00,67.28372762324905,68.63320171797447,67.06514736119681,68.3386001586914,2350400,0.0,0.0,65.37259635925292,69.86083923339844,66.52520911296327,56.6522453307674,-0.5722604802410842,-1.2220264025970375,0.6497659223559533,68.08410790680622,65.37259635925292,62.661084811699624,93439400.0
2019-06-19 00:00:00-04:00,68.31959051487776,69.11787577796066,68.31959051487776,69.0418472290039,1916700,0.0,0.0,65.5783447265625,69.68901885986328,66.91238420773875,59.87900151329216,-0.32911335848778833,-1.0434437937751877,0.7143304352873994,68.71457065328889,65.5783447265625,62.442118799836116,95356100.0
2019-06-20 00:00:00-04:00,69.58354916152861,69.77361331405734,68.76626025478625,69.67858123779297,2077800,0.0,0.0,65.83256111145019,69.53506469726562,67.33795298159325,62.59403508896657,-0.08406930104561638,-0.8515688952292735,0.7674995941836571,69.40273057227692,65.83256111145019,62.26239165062346,97433900.0
2019-06-21 00:00:00-04:00,69.50751429488888,69.88764981594468,68.94682002045512,69.69757843017578,3096200,0.0,0.0,66.10055656433106,69.37654922485352,67.70097228137517,62.67519043428674,0.1103902841039428,-0.6591770593626303,0.7695673434665731,69.97348249191697,66.10055656433106,62.227630636745154,100530100.0
2019-06-24 00:00:00-04:00,69.68808095918446,70.02069682432976,68.67122259975055,69.50751495361328,1251600,0.0,0.0,66.3276870727539,69.22563613891602,67.97890192325796,61.243560950816345,0.24632489218362252,-0.4780766690533797,0.7244015612370023,70.43338241820943,66.3276870727539,62.22199172729838,99278500.0
2019-06-25 00:00:00-04:00,69.55504175973546,69.9731843543889,68.81378139825412,68.9088134765625,1340400,0.0,0.0,66.58570404052735,69.06464965820312,68.12196523915097,56.83923417690217,0.3022595824849077,-0.3220094187457222,0.6242690012306299,70.65908323470254,66.58570404052735,62.51232484635216,97938100.0
2019-06-26 00:00:00-04:00,69.03233455830487,69.54551633385134,68.46213500230236,68.55716705322266,1583800,0.0,0.0,66.81568431854248,68.90765441894531,68.18891936439276,54.36620807461197,0.314586937611395,-0.19469014747429875,0.5092770850856938,70.78768142055719,66.81568431854248,62.843687216527776,96354300.0
2019-06-27 00:00:00-04:00,68.94680179127694,69.64054222708654,68.61417876674567,69.55501556396484,1480200,0.0,0.0,67.11503982543945,68.82478515625,68.39908801048077,59.721649260492086,0.40026053650062465,-0.07570001067931405,0.4759605471799387,70.96334850430976,67.11503982543945,63.266731146569136,97834500.0
2019-06-28 00:00:00-04:00,69.62154118158887,70.99001859330556,69.46948410779792,70.96150970458984,3159700,0.0,0.0,67.47711658477783,68.81033981323242,68.79330673265139,65.811977201906,0.5750213156631219,0.05444425458917314,0.5205770610739487,71.3421979276349,67.47711658477783,63.61203524192077,100994200.0
2019-07-01 00:00:00-04:00,72.00347436118848,72.27967904250262,71.35582375897206,72.17491149902344,2753200,0.164,0.0,67.9027156829834,68.80609771728516,69.31355361978555,70.02317823138196,0.8021847893132019,0.20399236153397893,0.598192427779223,71.8673803924283,67.9027156829834,63.93805097353849,103747400.0
2019-07-02 00:00:00-04:00,72.24156560879692,72.55586817186546,71.67011102731547,72.01298522949219,1877000,0.0,0.0,68.27460174560547,68.81002090454102,69.72885079050965,68.80516945163028,0.9581029675173198,0.3548144827306471,0.6032884847866727,72.31562209472004,68.27460174560547,64.23358139649089,101870400.0
2019-07-03 00:00:00-04:00,72.25109409007158,73.27019042549321,72.09870232164542,73.14637756347656,1153100,0.0,0.0,68.68415107727051,68.83680221557617,70.25462414019687,72.42119645351963,1.1597555956871872,0.5158027053219552,0.6439528903652321,72.95057002975847,68.68415107727051,64.41773212478256,103023500.0
2019-07-05 00:00:00-04:00,72.7082601243587,72.83208026177567,71.71774262366294,72.14633178710938,1493100,0.0,0.0,69.00520935058594,68.8392106628418,70.54565608587572,65.23567207145318,1.2247532270993986,0.6575928096774438,0.5671604174219548,73.29895339447165,69.00520935058594,64.71146530670023,101530400.0
2019-07-08 00:00:00-04:00,71.93680569898935,72.37492121992449,70.00338017117784,70.32720184326172,2217400,0.0,0.0,69.21820526123047,68.78756057739258,70.51204774085818,54.61947812023814,1.1166042165644257,0.7493950910548401,0.3672091255095855,73.32649203374817,69.21820526123047,65.10991848871276,99313000.0
2019-07-09 00:00:00-04:00,69.99384745784721,70.55578308019183,69.63192786928711,69.95574951171875,2092200,0.0,0.0,69.37603988647462,68.71517684936524,70.42646339791365,52.73241924998785,0.9895157264032264,0.7974192181245174,0.19209650827870894,73.34047071302133,69.37603988647462,65.4116090599279,97220800.0
2019-07-10 00:00:00-04:00,70.0795634983131,70.42243771691521,69.6509670918407,69.87955474853516,1785200,0.0,0.0,69.5395679473877,68.64297988891602,70.34232360570158,52.33300797656243,0.8725902247819164,0.8124534194559972,0.06013680532591914,73.29844309927033,69.5395679473877,65.78069279550506,95435600.0
2019-07-11 00:00:00-04:00,70.26051238352454,70.2700386848457,68.0794616995044,68.32708740234375,6562400,0.0,0.0,69.61596946716308,68.5174952697754,70.03228726672346,44.87490760498723,0.6471943286612714,0.779401601297052,-0.1322072726357807,73.2073111955303,69.61596946716308,66.02462773879587,88873200.0
2019-07-12 00:00:00-04:00,67.88900103716912,68.83190181089593,67.4604117581411,68.24140167236328,2542400,0.0,0.0,69.68761138916015,68.40987396240234,69.75676640605266,44.49797519101538,0.45639133952373356,0.7147995489423884,-0.25840820941865483,73.1050353489711,69.68761138916015,66.2701874293492,86330800.0
2019-07-15 00:00:00-04:00,67.6413601576663,67.6413601576663,66.18414805737098,67.1937255859375,3955300,0.0,0.0,69.72255058288575,68.26742431640625,69.36245243372726,40.06653476576276,0.2181254768717622,0.6154647345282631,-0.3973392576565009,73.0209090954994,69.72255058288575,66.42419207027208,82375500.0
2019-07-16 00:00:00-04:00,66.66987766573456,67.01275190361639,66.0317534377367,66.62225341796875,3067200,0.0,0.0,69.71371040344238,68.09282821655273,68.94088335437979,37.85217471385756,-0.01662334033593993,0.48904711955542246,-0.5056704598913624,73.04415509551669,69.71371040344238,66.38326571136807,79308300.0
2019-07-17 00:00:00-04:00,66.96513699917728,67.20324373834823,66.27938842773438,66.27938842773438,2402300,0.0,0.0,69.61074981689453,67.91023422241211,68.53142259643434,36.547109452359805,-0.22770496739389046,0.34569670216555987,-0.5734016695594504,73.22048473333336,69.61074981689453,66.00101490045569,76906000.0
2019-07-18 00:00:00-04:00,66.67941458534422,67.25086931732159,66.34606659722752,66.793701171875,2713000,0.0,0.0,69.49834251403809,67.78886459350586,68.26408083880983,39.89477781502145,-0.3494595848737134,0.20666544475770518,-0.5561250296314186,73.30650048644311,69.49834251403809,65.69018454163306,79619000.0
2019-07-19 00:00:00-04:00,67.2222917551244,67.2222917551244,65.33648331246503,65.43172454833984,2694400,0.0,0.0,69.28599967956544,67.64139572143554,67.82833371719906,34.67727146245755,-0.5495166416442174,0.05542902747732065,-0.604945669121538,73.48393826435462,69.28599967956544,65.08806109477625,76924600.0
2019-07-22 00:00:00-04:00,65.63172416987831,66.165080770491,65.20312781600995,65.80315399169922,3103300,0.0,0.0,69.09127845764161,67.49394287109375,67.5167676055837,37.09347753071505,-0.6703645038414976,-0.089729678786443,-0.5806348250550546,73.54809193232266,69.09127845764161,64.63446498296055,80027900.0
2019-07-23 00:00:00-04:00,66.09842972595348,66.83179525739321,65.86984929967159,66.56511688232422,3304200,0.0,0.0,68.94415855407715,67.35982864379883,67.37035980200531,41.845668635856306,-0.6966230313383335,-0.2111083492968211,-0.4855146820415124,73.52872583799908,68.94415855407715,64.35959127015522,83332100.0
2019-07-24 00:00:00-04:00,65.95557190852183,66.2698745727539,65.3555454948037,66.2698745727539,3190400,0.0,0.0,68.81221160888671,67.28177169799805,67.20105438212047,40.566878529055764,-0.7328093208091104,-0.315448543599279,-0.41736077720983145,73.54282745706998,68.81221160888671,64.08159576070345,80141700.0
2019-07-25 00:00:00-04:00,66.43177445193695,66.6794074737446,66.24129198374052,66.52701568603516,1904700,0.0,0.0,68.71070404052735,67.16761215209961,67.09735612118428,42.2229598359335,-0.7322966175309062,-0.3988181583856044,-0.33347845914530183,73.5448457113341,68.71070404052735,63.87656236972059,82046400.0
2019-07-26 00:00:00-04:00,66.79369083654618,66.85084138740953,66.05079907328293,66.19366455078125,2392600,0.0,0.0,68.54263648986816,67.20587249755859,66.95832664881458,40.64192132859847,-0.7501417796832754,-0.46908288264513864,-0.2810588970381368,73.48029423985054,68.54263648986816,63.60497873988578,79653800.0
2019-07-29 00:00:00-04:00,66.19367895417994,67.14610598949189,66.07938509402352,67.02229309082031,2750000,0.0,0.0,68.34567565917969,67.22915420532226,66.96816763989239,46.049828581022574,-0.6894729858145325,-0.5131609032790174,-0.1763120825355151,73.19514873004873,68.34567565917969,63.49620258831065,82403800.0
2019-07-30 00:00:00-04:00,65.95555853311598,66.84131578313529,64.86026621610112,66.812744140625,2871800,0.0,0.0,68.07756729125977,67.25185623168946,66.94425633231279,44.93490897840738,-0.6507993685732458,-0.5406885963378631,-0.11011077223538268,72.6346746042351,68.07756729125977,63.520459978284435,79532000.0
2019-07-31 00:00:00-04:00,66.85083233651167,67.29847404772845,65.64124635942308,66.10794067382812,3846100,0.0,0.0,67.78231506347656,67.26388305664062,66.81559238485362,41.31198806178025,-0.6693066473614664,-0.5664122065425838,-0.10289444081888255,72.03636189944831,67.78231506347656,63.5282682275048,75685900.0
2019-08-01 00:00:00-04:00,66.31746741464916,67.31751833978133,65.13646036067095,65.91744995117188,2494100,0.0,0.0,67.42086868286133,67.28369445800782,66.67741662582566,40.36473168223016,-0.6913750670528884,-0.5914047786446448,-0.09997028840824362,70.95855883535312,67.42086868286133,63.883178530369534,73191800.0
2019-08-02 00:00:00-04:00,65.8317727497096,65.84129179017002,64.34598132981428,64.84124755859375,2803500,0.0,0.0,67.05561447143555,67.28863433837891,66.39492907702075,35.42297574493338,-0.7866371244292907,-0.630451247801574,-0.15618587662771666,70.02992073982985,67.05561447143555,64.08130820304125,70388300.0
2019-08-05 00:00:00-04:00,63.660211465026556,63.97451409069678,62.53635468191609,62.726837158203125,3273100,0.0,0.0,66.67559623718262,67.2564176940918,65.8306072433565,28.13501012728051,-1.0209790289641347,-0.7085568040340862,-0.31242222493004856,69.81818245938295,66.67559623718262,63.53301001498228,67115200.0
2019-08-06 00:00:00-04:00,63.250674254389644,64.46025322660995,62.89827368359066,64.44120788574219,2436200,0.0,0.0,66.39986915588379,67.24594375610351,65.61685349603121,39.07927245412094,-1.056186229135463,-0.7780826890543615,-0.2781035400811014,69.30131080283053,66.39986915588379,63.49842750893705,69551400.0
2019-08-07 00:00:00-04:00,63.68877467179341,65.02216620989435,63.31732884811688,64.73644256591797,2172900,0.0,0.0,66.14271354675293,67.265703125,65.48140566062918,40.75261788799749,-1.048182423111669,-0.832102635865823,-0.21607978724584598,68.64982400317636,66.14271354675293,63.6356030903295,71724300.0
2019-08-08 00:00:00-04:00,65.17458039342887,66.20320330515199,64.86027773710657,66.18415069580078,2014300,0.0,0.0,66.03556671142579,67.31023490905761,65.58952028142481,48.25783777126389,-0.9144798476538085,-0.8485780782234201,-0.06590176943038839,68.33463753301673,66.03556671142579,63.73649588983484,73738600.0
2019-08-09 00:00:00-04:00,65.66030369079336,65.66030369079336,64.59358309504633,65.37457275390625,1866200,0.0,0.0,65.89222526550293,67.34636825561523,65.55645143103735,44.83728789811906,-0.8638874109914667,-0.8516399447770294,-0.012247466214437286,67.97015225883356,65.89222526550293,63.814298272172294,71872400.0
2019-08-12 00:00:00-04:00,64.97456770754522,65.12695224103325,63.33639219051342,63.460205078125,1961900,0.0,0.0,65.7055492401123,67.3411728668213,65.23395199212776,37.98157787482949,-0.9671176822044742,-0.8747354922625183,-0.0923821899419559,67.94665447131722,65.7055492401123,63.46444400890739,69910500.0
2019-08-13 00:00:00-04:00,63.72689724146618,65.507931169918,63.33639866406639,64.42216491699219,3164300,0.0,0.0,65.59554481506348,67.35635757446289,65.10906167287614,42.720994073539856,-0.9602372786901583,-0.8918358495480463,-0.068401429142112,67.86170776539139,65.59554481506348,63.32938186473556,73074800.0
2019-08-14 00:00:00-04:00,63.412588707881696,63.8316516288846,62.24110035045477,62.46968078613281,3509700,0.0,0.0,65.40505943298339,67.31424591064453,64.70300307491563,36.60629406354247,-1.099657494025962,-0.9334001784436294,-0.1662573155823326,68.02250715212668,65.40505943298339,62.78761171384011,69565100.0
2019-08-15 00:00:00-04:00,68.51759758909414,69.19381985636672,66.11747758904397,66.27938842773438,6701000,0.0,0.0,65.37934379577636,67.3407258605957,64.9455238984262,51.26416871185181,-0.8924498452407761,-0.9252101118030588,0.0327602665622827,67.95142708542254,65.37934379577636,62.80726050613019,76266100.0
2019-08-16 00:00:00-04:00,66.574622618653,67.7937275374487,65.67933926484557,67.698486328125,3367100,0.0,0.0,65.49268188476563,67.38019226074219,65.36905657991832,55.400891614154965,-0.6067329107455492,-0.8615146715915569,0.2547817608460077,68.25662219302663,65.49268188476563,62.72874157650464,79633200.0
2019-08-19 00:00:00-04:00,68.50806126329003,68.84140919607769,68.09851744116807,68.33662414550781,2050400,0.0,0.0,65.61935539245606,67.42557907104492,65.82560543616286,57.161758380918585,-0.3250606956005555,-0.7542238763933566,0.42916318079280114,68.64813472546788,65.61935539245606,62.59057605944423,81683600.0
2019-08-20 00:00:00-04:00,68.02231116613328,68.82235334911253,67.71753492176947,67.73658752441406,2171200,0.0,0.0,65.67792892456055,67.44432968139648,66.1196026805092,54.96425951520367,-0.1485391099690787,-0.633086923108501,0.4845478131394223,68.82076557866837,65.67792892456055,62.53509227045273,79512400.0
2019-08-21 00:00:00-04:00,68.536617404042,68.88901786267971,67.80325211777665,68.76519775390625,1897400,0.0,0.0,65.80269508361816,67.48745376586913,66.52661730718567,57.9486829899555,0.07350840830531524,-0.49176785682573776,0.565276265131053,69.21609832546758,65.80269508361816,62.38929184176873,81409800.0
2019-08-22 00:00:00-04:00,69.00330946736902,69.30808571169646,67.86040036775086,68.32708740234375,1644000,0.0,0.0,65.8926986694336,67.5180143737793,66.80361270644076,56.23921967720851,0.21169058508162664,-0.35107616844426487,0.5627667535258916,69.46880022816718,65.8926986694336,62.31659711070002,79765800.0
2019-08-23 00:00:00-04:00,68.09854012556744,68.26045099450722,65.95557907266496,66.2413101196289,2990000,0.0,0.0,65.89508094787598,67.50666931152344,66.71710461616202,48.850719605781,0.15115375419030386,-0.2506301839173511,0.40178393810765495,69.47204468178079,65.89508094787598,62.31811721397117,76775800.0
2019-08-26 00:00:00-04:00,66.77466829181998,67.27945352038255,65.51746474026022,66.3270263671875,1827300,0.0,0.0,65.86031761169434,67.50331100463868,66.65709257785825,49.146397340225846,0.10883982661128755,-0.17873618181162337,0.2875760084229109,69.40616441062889,65.86031761169434,62.314470812759794,78603100.0
2019-08-27 00:00:00-04:00,66.71748921885155,66.98416751614197,65.82220584957207,66.17460632324219,2032300,0.0,0.0,65.82841072082519,67.4908219909668,66.58286392330193,48.6083094403232,0.06228868524050313,-0.13053120840119808,0.1928198936417012,69.3508089866399,65.82841072082519,62.306012455010475,76570800.0
2019-08-28 00:00:00-04:00,65.96508898177225,66.91751587965226,65.53649251786192,66.61273956298828,1674000,0.0,0.0,65.8536506652832,67.45630477905273,66.58746017556136,50.29302908846219,0.06005795046831963,-0.09241337662729454,0.15247132709561417,69.39090217902022,65.8536506652832,62.31639915154618,78244800.0
2019-08-29 00:00:00-04:00,67.44134590859348,67.89851401406413,67.12705055667544,67.33657836914062,1611200,0.0,0.0,65.92460708618164,67.42219940185547,66.70270912841971,53.03241554689404,0.1153679296935195,-0.05085711536313173,0.16622504505665123,69.52057842393839,65.92460708618164,62.328635748424894,79856000.0
2019-08-30 00:00:00-04:00,68.05088764363975,69.00331438332086,67.45086141355881,67.72706604003906,2356400,0.0,0.0,66.0688980102539,67.38316909790039,66.86030249943808,54.48954237890437,0.18853723839241354,-0.0029782446120226735,0.19151548300443622,69.71070641566935,66.0688980102539,62.42708960483846,82212400.0
2019-09-03 00:00:00-04:00,67.33657642460308,67.66040533713507,66.17462175353262,67.06037902832031,2227800,0.0,0.0,66.28557510375977,67.33042510986328,66.8910835038815,51.54905582883879,0.19053203785253459,0.03572381188088878,0.1548082259716458,69.6078793319159,66.28557510375977,62.96327087560365,79984600.0
2019-09-04 00:00:00-04:00,67.56517142627817,67.83184981465244,66.63178980052707,67.48897552490234,1820600,0.0,0.0,66.43796348571777,67.29005432128906,66.98306689173086,53.29403284868347,0.2241136435631148,0.07340177821733398,0.15071186534578082,69.68667291198916,66.43796348571777,63.18925405944638,81805200.0
2019-09-05 00:00:00-04:00,68.23185539247922,70.20337857845136,68.23185539247922,70.02241516113281,2997900,0.0,0.0,66.70226211547852,67.31232635498047,67.45065893317731,62.00490483555476,0.44996776553067264,0.14871497568000172,0.30125278985067094,70.20445028120342,66.70226211547852,63.200073949753616,84803100.0
2019-09-06 00:00:00-04:00,70.18434084092672,70.83199142593436,70.18434084092672,70.74626922607422,3117600,0.0,0.0,66.93036804199218,67.3561083984375,67.9576759013153,64.06699629801858,0.6795345071184755,0.2548788819676965,0.42465562515077904,70.83860338633525,66.93036804199218,63.02213269764911,87920700.0
2019-09-09 00:00:00-04:00,70.8510326308234,71.04151509381889,70.16528413773538,70.6510238647461,2996900,0.0,0.0,67.19419059753417,67.37802856445313,68.3720371264585,63.5780456110886,0.8440525862950636,0.3727136228331699,0.47133896346189375,71.35116669779174,67.19419059753417,63.037214497276615,84923800.0
2019-09-10 00:00:00-04:00,70.0033802698767,71.46059232919053,69.80337148393568,71.21295928955078,2838000,0.0,0.0,67.58182830810547,67.38305755615234,68.80910207462654,65.26248987282543,1.0081564419159008,0.4998021866497161,0.5083542552661847,71.71957758852793,67.58182830810547,63.444079027683024,87761800.0
2019-09-11 00:00:00-04:00,71.49868885268094,73.34639940943363,71.49868885268094,73.32734680175781,2805500,0.0,0.0,68.02708740234375,67.40610626220703,69.50421664803135,70.74496721008784,1.2939079657616617,0.6586233424721052,0.6352846232895565,72.60239596754256,68.02708740234375,63.45177883714495,90567300.0
2019-09-12 00:00:00-04:00,73.34638880861439,74.37500421477795,73.06065786630025,73.87974548339844,4009800,0.0,0.0,68.59759063720703,67.44344146728515,70.17737493039552,71.98880165434315,1.5471079665607448,0.8363202672898331,0.7107876992709117,73.10373315226258,68.59759063720703,64.09144812215149,94577100.0
2019-09-13 00:00:00-04:00,73.89882677904104,74.33694970815202,73.50833538541157,74.19408416748047,2673400,0.0,0.0,68.99332542419434,67.46439559936523,70.79533019763936,72.70010180088894,1.7529286261271295,1.0196419390572924,0.7332866870698371,73.98013121042082,68.99332542419434,64.00651963796786,97250500.0
2019-09-16 00:00:00-04:00,73.64163186375387,73.746399381657,72.82254432365973,73.47972106933594,2874500,0.0,0.0,69.28238716125489,67.49106338500977,71.2083134086696,68.44630184583853,1.8372215039852335,1.1831578520428807,0.6540636519423528,74.59503553266228,69.28238716125489,63.969738789847504,94376000.0
2019-09-17 00:00:00-04:00,73.28926482734614,73.30831743917476,72.65114039349206,72.76543426513672,2716800,0.0,0.0,69.50382766723632,67.53982803344726,71.4478704635107,64.38939807139894,1.8253457913854163,1.3115954399113878,0.5137503514740285,75.00614708877575,69.50382766723632,64.0015082456969,91659200.0
2019-09-18 00:00:00-04:00,72.72730994456022,73.87974548339844,72.14632902391058,73.87974548339844,1982600,0.0,0.0,69.81098556518555,67.61830795288085,71.82200508195497,67.61430036692754,1.8841307201057589,1.426102495950262,0.45802822415549693,75.56452698954624,69.81098556518555,64.05744414082486,93641800.0
2019-09-19 00:00:00-04:00,73.88926995239419,74.43215291616836,73.64163695962927,74.35595703125,1743700,0.0,0.0,70.09052352905273,67.70783599853516,72.21184384338497,68.9100908985571,1.9467040986171753,1.5302228164836447,0.41648128213353064,76.14884769709518,70.09052352905273,64.03219936101029,95385500.0
2019-09-20 00:00:00-04:00,74.4988413087643,74.99410015290046,74.2035912632086,74.26073455810547,4605500,0.0,0.0,70.38720588684082,67.82650894165039,72.52705779949582,68.32143336632068,1.9659480685548658,1.6173678668978888,0.348580201656977,76.6487872086927,70.38720588684082,64.12562456498894,90780000.0
2019-09-23 00:00:00-04:00,73.79406380234776,74.6607687892937,73.59404769276341,74.34646606445312,2217000,0.0,0.0,70.79246368408204,67.94861022949219,72.80696676333541,68.58165825001218,1.9654602669491084,1.6869863469081328,0.2784739200409756,76.97695420550353,70.79246368408204,64.60797316266054,92997000.0
2019-09-24 00:00:00-04:00,74.56551896077812,74.66076021803869,72.04158567794143,72.35588836669922,4296700,0.0,0.0,71.09390678405762,68.05185348510742,72.73757008692984,56.895213849000015,1.7838871557055427,1.7063665086676147,0.07752064703792794,76.95780348342747,71.09390678405762,65.23001008468778,88700300.0
2019-09-25 00:00:00-04:00,72.432074964322,72.91780749381832,71.58441553076032,72.6987533569336,1739200,0.0,0.0,71.42011413574218,68.17338348388672,72.73159828231503,58.21594284744738,1.648650875112267,1.6948233819565452,-0.046172506844278205,76.86390350119805,71.42011413574218,65.97632477028631,90439500.0
2019-09-26 00:00:00-04:00,72.81301487304528,73.29875450173061,72.47014069590725,72.87968444824219,1313300,0.0,0.0,71.73346138000488,68.30538940429688,72.75438076938075,58.93105880505621,1.5383417295083888,1.663527051466914,-0.12518532195852528,76.73805883798056,71.73346138000488,66.7288639220292,91752800.0
2019-09-27 00:00:00-04:00,73.35592391253464,73.63212861288766,72.30825567196746,72.75589752197266,1639800,0.0,0.0,72.00442733764649,68.42463333129882,72.75461411593335,58.197197157875394,1.4245114847943086,1.615723938132393,-0.19121245333808434,76.59734194671621,72.00442733764649,67.41151272857677,90113000.0
2019-09-30 00:00:00-04:00,72.89334383251501,73.5996541216225,72.85516391390449,73.1415023803711,1684600,0.164,0.0,72.27514915466308,68.57882888793945,72.8141353873853,59.87350425214998,1.3498549970438916,1.5625501499146925,-0.21269515287080099,76.4466150113947,72.27514915466308,68.10368329793147,91797600.0
2019-10-01 00:00:00-04:00,73.01741712156917,73.38966219491711,71.1943643882363,71.4329833984375,2189100,0.0,0.0,72.49377937316895,68.69142547607422,72.60165046600872,50.257195001160106,1.1396883713638886,1.4779777942045318,-0.33828942284064323,75.94530278206705,72.49377937316895,69.04225596427085,89608500.0
2019-10-02 00:00:00-04:00,70.93665370687872,71.14663958513748,69.58129957893877,70.01081085205078,1999400,0.0,0.0,72.61987113952637,68.76033935546874,72.20305975616904,43.93202589480171,0.8485903461608046,1.3521003045957865,-0.5035099584349818,75.46114401122458,72.61987113952637,69.77859826782816,87609100.0
2019-10-03 00:00:00-04:00,70.03946539061383,70.51670352097742,69.17089578003159,70.50716400146484,1869400,0.0,0.0,72.64410858154297,68.84508514404297,71.94215271698378,46.46446614574028,0.6504466705713554,1.2117695777909003,-0.5613229072195449,75.40342597817782,72.64410858154297,69.88479118490811,89478500.0
2019-10-04 00:00:00-04:00,70.70757641155124,72.45426905604758,70.68848281559244,72.42562866210938,1260800,0.0,0.0,72.72807655334472,68.96305740356445,72.01653363161849,54.93665247666407,0.6408333173766607,1.0975823257080524,-0.45674900833139165,75.35006394183989,72.72807655334472,70.10608916484955,90739300.0
2019-10-07 00:00:00-04:00,71.91978667397366,72.24431239780432,71.24210938494853,71.68116760253906,1048000,0.0,0.0,72.77958374023437,69.0728074645996,71.96493885791396,51.52883334613233,0.5666113371316044,0.9913881279927628,-0.4247767908611584,75.27369279964421,72.77958374023437,70.28547468082454,89691300.0
2019-10-08 00:00:00-04:00,70.60258421570875,70.60258421570875,68.46456021665638,69.18995666503906,3001900,0.0,0.0,72.67843360900879,69.11616073608398,71.53801852054859,42.11432955563106,0.3032740261175917,0.8537653076177285,-0.5504912815001368,75.5534773787519,72.67843360900879,69.80338983926569,86689400.0
2019-10-09 00:00:00-04:00,69.72447279089627,70.47850240188659,69.33313414628789,70.12535095214844,1499700,0.0,0.0,72.51833381652833,69.18241287231446,71.32068504848702,46.09661219627338,0.16811785348436104,0.716635816791055,-0.548517963306694,75.5814657836391,72.51833381652833,69.45520184941755,88189100.0
2019-10-10 00:00:00-04:00,70.08715940374925,71.04163521898099,70.08715940374925,70.63121032714844,1399900,0.0,0.0,72.35590705871581,69.27287826538085,71.21461201443493,48.17313049789944,0.1006638466807317,0.5934414227689904,-0.4927775760882587,75.45732710585922,72.35590705871581,69.25448701157241,89589000.0
2019-10-11 00:00:00-04:00,72.11066642999863,72.74061681832116,71.81477391114225,71.8720474243164,1200700,0.0,0.0,72.23980522155762,69.39197021484375,71.31575592364747,52.96005078354508,0.1456522554071853,0.5038835892966294,-0.35823133388944406,75.22910827996054,72.23980522155762,69.25050216315469,90789700.0
2019-10-14 00:00:00-04:00,71.75750732421875,72.34928507692292,71.5761545505358,71.75750732421875,829500,0.0,0.0,72.15369453430176,69.53029541015626,71.38371767758152,52.478205439916955,0.1701026274168953,0.43712739692068253,-0.26702476950378723,75.09398645239013,72.15369453430176,69.2134026162134,89960200.0
2019-10-15 00:00:00-04:00,72.34928616268787,72.88379041052335,72.23474641726276,72.30155944824219,844900,0.0,0.0,72.13050079345703,69.72178985595703,71.52492410383701,54.591518736333924,0.23072057974071924,0.3958460334846899,-0.16512545374397064,75.05841685646533,72.13050079345703,69.20258473044873,90805100.0
2019-10-16 00:00:00-04:00,71.87203180985895,72.42562224839585,71.54750624595692,71.84339141845703,2275500,0.0,0.0,72.02868309020997,69.86983352661133,71.57391907531701,52.47513894949654,0.23903496645326072,0.3644838200784041,-0.12544885362514335,74.84572765053002,72.02868309020997,69.21163852988991,88529600.0
2019-10-17 00:00:00-04:00,72.24429666624278,72.7788009396009,71.49025969085567,71.50934600830078,1650000,0.0,0.0,71.8863525390625,70.00529159545898,71.56398475731451,50.925019923750725,0.2161775447887635,0.33482256502047597,-0.11864502023171247,74.49890101005185,71.8863525390625,69.27380406807315,86879600.0
2019-10-18 00:00:00-04:00,70.63122666074895,71.41389671894996,70.41169396836638,71.17527770996094,2121900,0.0,0.0,71.73207969665528,70.10511413574218,71.50418367310627,49.35481821533079,0.16915642373346884,0.3016893367630745,-0.13253291302960568,74.12034194391755,71.73207969665528,69.343817449393,84757700.0
2019-10-21 00:00:00-04:00,71.47116988635355,72.0724945078855,71.28982437373476,72.04386138916016,1641500,0.0,0.0,71.61694946289063,70.23849990844727,71.58721101403763,53.3797619003619,0.1996775320879891,0.28128697582805745,-0.08160944374006834,73.69136866534649,71.61694946289063,69.54253026043477,86399200.0
2019-10-22 00:00:00-04:00,72.23474705136962,72.85515793423872,71.24209109519394,71.2898178100586,1271800,0.0,0.0,71.56364593505859,70.39509216308593,71.54145821342547,49.68792900975253,0.16116292939368293,0.25726216654118256,-0.09609923714749963,73.6140231798965,71.56364593505859,69.51326869022067,85127400.0
2019-10-23 00:00:00-04:00,71.60480014158681,72.43519704346932,71.2802817343232,71.5666275024414,1778300,0.0,0.0,71.50703964233398,70.53798141479493,71.54533041173562,51.02696410434097,0.15123274115497054,0.23605628146394014,-0.0848235403089696,73.49035448439956,71.50703964233398,69.5237248002684,86905700.0
2019-10-24 00:00:00-04:00,71.61432647158702,71.69068629220128,71.0702754933387,71.585693359375,1475100,0.0,0.0,71.44234008789063,70.72030166625977,71.55154009598783,51.12345359120809,0.14325015216316217,0.21749505560378454,-0.07424490344062237,73.32414777258465,71.44234008789063,69.5605324031966,88380800.0
2019-10-25 00:00:00-04:00,71.29937867003957,72.51156768254383,70.7553274552686,71.95796966552734,835100,0.0,0.0,71.40244369506836,70.83387329101562,71.61406772207083,53.067860141007614,0.16506076182373874,0.20700819684777538,-0.04194743502403664,73.20325501757775,71.40244369506836,69.60163237255897,89215900.0
2019-10-28 00:00:00-04:00,72.2442839353678,73.07467331627888,72.2442839353678,72.68334197998047,1143900,0.0,0.0,71.37953567504883,70.93357040405273,71.77857145405693,56.68376909859888,0.2381322701258881,0.21323301150339793,0.024899258622490178,73.10119109086898,71.37953567504883,69.65788025922868,90359800.0
2019-10-29 00:00:00-04:00,71.6334223310162,73.18921549430176,71.5284293948727,72.70243072509766,1113300,0.0,0.0,71.44300804138183,71.02088653564454,71.92070364960166,56.778142941618505,0.2941910181768037,0.22942461283807908,0.06476640533872463,73.25888836137482,71.44300804138183,69.62712772138885,91473100.0
2019-10-30 00:00:00-04:00,72.57836428458913,72.68335723926428,71.81478048369249,72.65472412109375,914800,0.0,0.0,71.57520370483398,71.11924926757813,72.03362987598506,56.447142367008965,0.33095343051064674,0.2497303763725926,0.08122305413805414,73.33898713160005,71.57520370483398,69.81142027806791,90558300.0
2019-10-31 00:00:00-04:00,72.5401784563222,72.65471820174731,71.68114857081932,72.30155944824219,970500,0.0,0.0,71.66492347717285,71.18997650146484,72.07484981017846,53.94020440281426,0.32781166079533364,0.2653466332571408,0.06246502753819283,73.38425770818833,71.66492347717285,69.94558924615737,89587800.0
2019-11-01 00:00:00-04:00,73.02696817565067,73.82872460124294,72.84561538706801,73.46602630615234,1106300,0.0,0.0,71.716943359375,71.29275527954101,72.28887696340522,60.214450492762026,0.4145063579651094,0.2951785781987345,0.11932777976637488,73.5819757263337,71.716943359375,69.8519109924163,90694100.0
2019-11-04 00:00:00-05:00,74.14369257832675,74.3059517432037,73.23694333265091,73.2464828491211,1010200,0.0,0.0,71.7952091217041,71.43285873413086,72.43620094582305,58.59387302106679,0.46019239640656906,0.3281813418403014,0.13201105456626766,73.77548330493353,71.7952091217041,69.81493493847468,89683900.0
2019-11-05 00:00:00-05:00,73.32283792011643,73.40874453729468,72.03429691902795,72.11065673828125,2362700,0.0,0.0,71.94124412536621,71.54853134155273,72.38611722158585,50.95343021253542,0.40013473225346274,0.3425720199229337,0.057562712330529064,73.52194470383128,71.94124412536621,70.36054354690114,87321200.0
2019-11-06 00:00:00-05:00,72.25383793210314,72.48291743943452,71.52844133844465,72.3397445678711,1355700,0.0,0.0,72.05196380615234,71.67183410644532,72.3789829671682,52.304320916350555,0.3667958794255384,0.34741679182345464,0.019379087602083733,73.40172150482785,72.05196380615234,70.70220610747684,88676900.0
2019-11-07 00:00:00-05:00,72.864702402565,72.90288232063612,72.23475195957852,72.45428466796875,860900,0.0,0.0,72.14311752319335,71.78866500854492,72.39056784421443,53.00132830480767,0.3456327875661316,0.34705999097199003,-0.001427203405858446,73.33361076977742,72.14311752319335,70.95262427660928,89537800.0
2019-11-08 00:00:00-05:00,72.44472137580425,73.16057829200376,72.20610240373776,73.15103149414062,1231500,0.0,0.0,72.20706672668457,71.90495407104493,72.50756225189538,57.10754076488887,0.3806941258032026,0.3537868179382325,0.026907307864970087,73.46778020821641,72.20706672668457,70.94635324515274,90769300.0
2019-11-11 00:00:00-05:00,72.77882471681643,73.35150909423828,72.66428492850127,73.35150909423828,1149200,0.0,0.0,72.28676681518554,72.0174429321289,72.63740022764044,58.23814638126987,0.41981795575966885,0.36699304550251977,0.05282491025714908,73.62299995403305,72.28676681518554,70.95053367633804,91918500.0
2019-11-12 00:00:00-05:00,73.49464694767791,74.01961162441928,73.22739485118174,73.54237365722656,1008400,0.0,0.0,72.34880752563477,72.14708282470703,72.77662690911522,59.337083510141966,0.4609119420236567,0.38577682480674713,0.07513511721690957,73.79289503901285,72.34880752563477,70.90472001225669,92926900.0
2019-11-13 00:00:00-05:00,73.32285136386841,73.97189538237741,73.07468554683054,73.64737701416016,1096000,0.0,0.0,72.43900680541992,72.27025085449219,72.91058846373753,59.96130053157825,0.496231863529772,0.4078678325513521,0.08836403097841988,73.96838987091647,72.43900680541992,70.90962373992338,94022900.0
2019-11-14 00:00:00-05:00,73.69510585567232,73.92417810260086,72.99834231399267,73.26559448242188,1113500,0.0,0.0,72.52681922912598,72.33511444091796,72.96520477430435,56.5614843691136,0.4877935161548095,0.4238529692720436,0.0639405468827659,74.03412280572007,72.52681922912598,71.01951565253188,92909400.0
2019-11-15 00:00:00-05:00,73.42786377425853,74.74503847763634,73.12243164237049,74.69731903076172,1700400,0.0,0.0,72.70292129516602,72.41413543701172,73.2316838906824,64.65504954997489,0.5898350197467721,0.4570493793669893,0.1327856403797828,74.35361730095683,72.70292129516602,71.05222528937522,94609800.0
2019-11-18 00:00:00-05:00,74.58275324701022,74.92636518584241,73.97188919621384,74.39186096191406,1641200,0.0,0.0,72.82032127380371,72.48895217895507,73.41017267087189,62.00081613492328,0.6386932746785874,0.49337815842930893,0.14531511624927845,74.59607399623951,72.82032127380371,71.04456855136792,92968600.0
2019-11-19 00:00:00-05:00,74.61140394008325,75.87131225194557,74.29642504159877,75.680419921875,1704800,0.0,0.0,73.03985137939453,72.57830139160156,73.75944147871851,67.97366217992669,0.7724850065487914,0.5491995280532054,0.223285478495586,75.07161626417577,73.03985137939453,71.0080864946133,94673400.0
2019-11-20 00:00:00-05:00,75.55631345675931,75.74720571816297,74.64955700990946,74.94544219970703,2429800,0.0,0.0,73.20879211425782,72.61066329956054,73.94190312810136,61.98853997065057,0.8098736390770256,0.6013343502579694,0.20853928881905615,75.28390228386515,73.20879211425782,71.13368194465049,92243600.0
2019-11-21 00:00:00-05:00,75.37497849910785,75.37497849910785,73.79054468366134,74.73548126220703,2142200,0.0,0.0,73.36628150939941,72.62777801513671,74.06399207180992,60.3536632847396,0.8131883773646535,0.6437051556793063,0.16948322168534724,75.40248793679228,73.36628150939941,71.33007508200654,90101400.0
2019-11-22 00:00:00-05:00,75.03137306835903,75.58497100027998,74.6686747416222,75.51815795898438,1869700,0.0,0.0,73.54429092407227,72.6542594909668,74.28770990060599,64.14941995165965,0.8689540384170868,0.6887549322268625,0.1801991061902244,75.67709030728736,73.54429092407227,71.41149154085718,91971100.0
2019-11-25 00:00:00-05:00,75.83311642483324,76.7971392382764,75.68995084834462,76.60624694824219,2640800,0.0,0.0,73.74043617248535,72.71679000854492,74.64440790793464,68.64394143646061,0.9895415949269761,0.7489122647668852,0.24062933016009092,76.2146652841623,73.74043617248535,71.2662070608084,94611900.0
2019-11-26 00:00:00-05:00,74.99317381310904,77.34118373596131,74.41094291103599,77.26482391357422,5329900,0.0,0.0,73.96855583190919,72.80677780151368,75.04754883187918,71.01270527541358,1.125278252162886,0.8241854622460854,0.30109278991680055,76.82904986426612,73.96855583190919,71.10806179955225,99941800.0
2019-11-27 00:00:00-05:00,77.388916015625,77.63707453313435,77.01667095728698,77.388916015625,1628000,0.0,0.0,74.20526542663575,72.8769612121582,75.40775916784008,71.4503516638804,1.2287000373157326,0.9050883772600148,0.32361166005571784,77.36007800183091,74.20526542663575,71.05045285144058,101569800.0
2019-11-29 00:00:00-05:00,77.27437798223306,77.54163010365879,76.80668676973802,77.09302520751953,835800,0.0,0.0,74.44483871459961,72.93170257568359,75.6670308662523,68.7836590749474,1.2721223966912731,0.9784951811462664,0.2936272155450067,77.71076476449237,74.44483871459961,71.17891266470686,100734000.0
2019-12-02 00:00:00-05:00,77.10257127874794,77.30301036792473,76.3771674688171,76.69214630126953,1775600,0.0,0.0,74.60614471435547,72.98033081054687,75.82474093317803,65.23150033792419,1.2596666983052671,1.0347294845780666,0.22493721372720055,77.97966779754023,74.60614471435547,71.2326216311707,98958400.0
2019-12-03 00:00:00-05:00,75.89992393278727,76.46306852694502,75.56585880849379,76.45352172851562,1978200,0.0,0.0,74.7664966583252,73.02247192382812,75.92147644015304,63.14120990993782,1.216517205751174,1.0710870288126881,0.1454301769384858,78.17099828087899,74.7664966583252,71.3619950357714,96980200.0
2019-12-04 00:00:00-05:00,76.64443311075199,77.3125634624121,76.52989335814968,77.2457504272461,1690900,0.0,0.0,75.02325134277343,73.12026916503906,76.12521089970582,66.93002351948314,1.2320449102784465,1.1032786051058399,0.12876630517260668,78.36175132629808,75.02325134277343,71.68475135924879,98671100.0
2019-12-05 00:00:00-05:00,77.20756397485806,78.01886712808363,76.83531891300076,77.81842803955078,1900000,0.0,0.0,75.29718551635742,73.2226626586914,76.38570584429735,69.38025989943648,1.2758537770830571,1.1377936395012833,0.13806013758177382,78.6089498867821,75.29718551635742,71.98542114593273,100571100.0
2019-12-06 00:00:00-05:00,78.49611663991332,78.66792263842153,78.09523840408588,78.46748352050781,1783400,0.0,0.0,75.59784545898438,73.33441864013672,76.7059793329451,71.91966872302041,1.3474138247461127,1.1797176765502493,0.16769614819586343,78.91446097500065,75.59784545898438,72.28122994296811,102354500.0
2019-12-09 00:00:00-05:00,78.59155933302114,78.71564588774011,77.83752961500882,77.90434265136719,1913800,0.0,0.0,75.8355110168457,73.43738754272461,76.89034292039466,66.74735240907782,1.3432013275165389,1.2124144067435072,0.13078692077303167,79.0975050320906,75.8355110168457,72.5735170016008,100440700.0
2019-12-10 00:00:00-05:00,79.12606048914223,79.98509033071326,78.93516092319652,79.15469360351562,3067700,0.0,0.0,76.12567024230957,73.5576513671875,77.23870456395173,71.6265567478362,1.424336896211571,1.25479890463712,0.16953799157445104,79.48322544653702,76.12567024230957,72.76811503808212,103508400.0
2019-12-11 00:00:00-05:00,79.15468435001847,79.6701021947067,78.81107245355965,79.62237548828125,1718300,0.0,0.0,76.4296703338623,73.72143920898438,77.60542316769474,73.20998722553813,1.5089808465811672,1.3056352930259294,0.20334555355523776,79.89582353199378,76.4296703338623,72.96351713573083,105226700.0
2019-12-12 00:00:00-05:00,79.68920383647175,81.11137840229168,79.38377178998799,80.94911193847656,1920800,0.0,0.0,76.79475708007813,73.94020523071289,78.1198368247381,77.11219122453653,1.6639374949309769,1.377295733406939,0.286641761524038,80.5388062149047,76.79475708007813,73.05070794525156,107147500.0
2019-12-13 00:00:00-05:00,80.81548898478867,80.88230201996457,79.78465305743933,79.8991928100586,1811200,0.0,0.0,77.12643699645996,74.12804580688477,78.3935838994028,68.59693656207484,1.6826257932807493,1.438361745381701,0.24426404789904832,80.7339796737476,77.12643699645996,73.51889431917232,105336300.0
2019-12-16 00:00:00-05:00,80.62460049768417,81.1018385664219,80.17599554793871,80.60550689697266,1371200,0.0,0.0,77.42184638977051,74.29164337158203,78.73387974518278,70.9231455145606,1.7344365434421576,1.4975767049937923,0.23685983844836533,81.1509159769597,77.42184638977051,73.69277680258132,106707500.0
2019-12-17 00:00:00-05:00,80.90138826775497,80.99683441189323,79.96599857822241,80.12825775146484,1653200,0.0,0.0,77.70866622924805,74.46058517456055,78.94839943845695,67.29573884851247,1.7171921959960201,1.5414998031942377,0.1756923928017824,81.3426265562141,77.70866622924805,74.074705902282,105054300.0
2019-12-18 00:00:00-05:00,79.9373824739009,80.22372824932421,79.56513733509594,79.63195037841797,2025500,0.0,0.0,77.9062427520752,74.66942504882813,79.05356112152788,63.649909795477654,1.64452105418124,1.5621040533916382,0.0824170007896019,81.50715506640462,77.9062427520752,74.30533043774578,103028800.0
2019-12-19 00:00:00-05:00,80.12825401296065,80.81547787001108,79.7560089707373,80.66276550292969,1696000,0.0,0.0,78.19210891723633,74.88017333984375,79.30113102635893,67.57866014647892,1.6510742600802217,1.5798980947293548,0.0711761653508669,81.71433934566814,78.19210891723633,74.66987848880451,104724800.0
2019-12-20 00:00:00-05:00,81.07320195978288,81.42635345492874,80.48142415845848,81.31182098388672,2287800,0.0,0.0,78.52092590332032,75.09378555297852,79.61046794290166,69.79251541545072,1.6891693827260639,1.6017523523286967,0.08741703039736715,81.91658349446143,78.52092590332032,75.1252683121792,107012600.0
2019-12-23 00:00:00-05:00,81.531343975989,81.55043757530959,80.9013935578254,81.37863159179688,816000,0.0,0.0,78.81394958496094,75.28391723632812,79.88249311965477,70.01945283205913,1.7050958163961099,1.6224210451421794,0.08267477125393041,82.13313807902922,78.81394958496094,75.49476109089265,107828600.0
2019-12-24 00:00:00-05:00,81.55997466229657,81.55997466229657,81.11137704067478,81.41680908203125,271900,0.0,0.0,79.05447769165039,75.47710327148438,80.11854172925115,70.15741961927047,1.7011879979352642,1.6381744357007963,0.06301356223446786,82.39600167100288,79.05447769165039,75.7129537122979,108100500.0
2019-12-26 00:00:00-05:00,81.42637145811715,81.74135038727327,81.2163855053464,81.55999755859375,649100,0.0,0.0,79.26923637390136,75.66227203369141,80.34030416453463,70.70199551515839,1.6901620015685381,1.6485719488743447,0.04159005269419347,82.67456325539665,79.26923637390136,75.86390949240608,108749600.0
2019-12-27 00:00:00-05:00,81.77950736200448,81.77950736200448,81.23545631073013,81.53134155273438,767700,0.0,0.0,79.47635765075684,75.85603103637695,80.52354068579614,70.4250200541971,1.6599763458101648,1.6508528282615087,0.009123517548656146,82.90286568585555,79.47635765075684,76.04984961565813,107981900.0
2019-12-30 00:00:00-05:00,81.62700529205404,81.68439976132584,80.95746396265962,81.2061538696289,742800,0.18,0.0,79.6820140838623,76.04996719360352,80.62855809869349,67.2074348530704,1.5914686083635985,1.6389759842819267,-0.04750737591832821,83.00378519660585,79.6820140838623,76.36024297111875,107239100.0
2019-12-31 00:00:00-05:00,81.14875248107933,81.62699833199787,80.98615064315564,81.59830474853516,1176200,0.0,0.0,79.92732200622558,76.258427734375,80.77774989097682,69.04418110354135,1.550940751890991,1.6213689378037395,-0.07042818591274846,83.04822436438823,79.92732200622558,76.80641964806293,108415300.0
2020-01-02 00:00:00-05:00,82.16262139277761,82.5930396492335,81.49307296362828,82.21044158935547,1410500,0.0,0.0,80.21516799926758,76.46175933837891,80.99816399841968,71.70807138860776,1.5503450482027716,1.607164159883546,-0.05681911168077436,83.05024817425917,80.21516799926758,77.38008782427599,109825800.0
2020-01-03 00:00:00-05:00,80.98614300196162,81.61743096838812,80.82354117937973,80.89049530029297,1118300,0.0,0.0,80.39740524291992,76.6537728881836,80.98159958332327,59.76506057060135,1.4269157182859118,1.571114471564019,-0.14419875327810727,82.89391544639146,80.39740524291992,77.90089503944837,108707500.0
2020-01-06 00:00:00-05:00,80.34530808875031,81.12963104248047,79.96270992407518,81.12963104248047,1993200,0.0,0.0,80.5629653930664,76.84503295898438,81.00437365396284,61.03135304721982,1.3330270350408142,1.5234969842593782,-0.19046994921856397,82.77654366906572,80.5629653930664,78.3493871170671,110700700.0
2020-01-07 00:00:00-05:00,80.3070378844628,81.55047994575195,80.28791126238316,81.37831115722656,1684700,0.0,0.0,80.70850677490235,77.0408853149414,81.0619025006188,62.35808631548683,1.264114064044577,1.471620400216418,-0.207506336171841,82.72591811026408,80.70850677490235,78.69109543954062,112385400.0
2020-01-08 00:00:00-05:00,82.22000797198847,82.70782067735382,81.49307239305493,82.18174743652344,1847600,0.0,0.0,80.92237701416016,77.24536087036132,81.23418633691182,66.34480397452617,1.259808344785796,1.4292579891302934,-0.1694496443444975,82.58020900267772,80.92237701416016,79.2645450256426,114233000.0
2020-01-09 00:00:00-05:00,82.69828168257534,83.88432949323534,82.42089817974816,83.47303771972656,1912700,0.0,0.0,81.1382942199707,77.46115478515625,81.57862501119101,71.5585781560587,1.3450870392427277,1.4124237991527804,-0.06733675991005272,82.93778276453685,81.1382942199707,79.33880567540456,116145700.0
2020-01-10 00:00:00-05:00,83.90343945250355,84.40081184477309,83.52084137520703,83.77909088134766,1417000,0.0,0.0,81.34612998962402,77.68268798828124,81.91715822198434,72.64042818139515,1.4209867011916657,1.4141363795605575,0.006850321631108214,83.34626390378362,81.34612998962402,79.34599607546441,117562700.0
2020-01-13 00:00:00-05:00,83.9895252398953,84.4773380002219,82.96607951761122,83.65475463867188,1630200,0.0,0.0,81.48141212463379,77.9026885986328,82.18448074762857,71.45134640028606,1.454340106992987,1.4221771250470434,0.03216298194594369,83.70891196476907,81.48141212463379,79.25391228449851,115932500.0
2020-01-14 00:00:00-05:00,83.47302223907892,84.3721267161561,82.92782229599962,84.16169738769531,1675200,0.0,0.0,81.69453735351563,78.13989135742187,82.48866792302346,73.36569307931396,1.5043378937167802,1.4386092787809908,0.06572861493578941,84.08538831320627,81.69453735351563,79.30368639382499,117607700.0
2020-01-15 00:00:00-05:00,83.81735789950564,85.23296870572113,83.74084411609145,84.76428985595703,1630400,0.0,0.0,81.90247650146485,78.36585662841797,82.83876360501324,75.4712181006854,1.5744365515102459,1.4657747333268418,0.10866181818340404,84.58402310233676,81.90247650146485,79.22092990059294,119238100.0
2020-01-16 00:00:00-05:00,85.24253773862961,85.59643497570272,84.99384786849156,85.56774139404297,1595900,0.0,0.0,82.17445068359375,78.6122817993164,83.25860634178704,77.97168420267614,1.6755078556514604,1.5077213577917656,0.1677864978596948,85.16645256555428,82.17445068359375,79.18244880163321,120834000.0
2020-01-17 00:00:00-05:00,86.05554519496255,86.35205523777617,85.32860957980998,86.19902038574219,3718300,0.0,0.0,82.50280418395997,78.89404907226563,83.71097773316475,79.72088742749894,1.785959106317577,1.563368907496928,0.22259019882064912,85.73813753215894,82.50280418395997,79.26747083576099,124552300.0
2020-01-21 00:00:00-05:00,85.89296318704277,86.22773384440985,85.567752193134,85.71122741699219,2697400,0.0,0.0,82.75522727966309,79.16147872924805,84.01870845375359,74.77959061995105,1.8132299165253016,1.6133411093026027,0.19988880722269897,86.16024705286647,82.75522727966309,79.35020750645971,121854900.0
2020-01-22 00:00:00-05:00,86.02685919976496,86.69640041915648,85.93120419917875,86.20858764648438,1665800,0.0,0.0,83.00006561279297,79.43656478881836,84.35561294494295,76.38670092810344,1.8536078070290216,1.6613944488478865,0.19221335818113516,86.65011104211574,83.00006561279297,79.35002018347019,123520700.0
2020-01-23 00:00:00-05:00,85.72078309692907,86.06512066989221,84.80255200151137,85.19470977783203,1228300,0.0,0.0,83.19086952209473,79.67743835449218,84.48470476538742,67.01222752791638,1.7832400245166014,1.6857635639816295,0.09747646053497183,86.88067846758732,83.19086952209473,79.50106057660214,122292400.0
2020-01-24 00:00:00-05:00,85.55818018994097,85.56774715028851,83.76954536993965,84.41996002197266,1164500,0.0,0.0,83.3410270690918,79.89880737304688,84.4747440356313,60.86528341869636,1.6459833480121944,1.6778075207877425,-0.031824172775548165,86.97381876432237,83.3410270690918,79.70823537386121,121127900.0
2020-01-27 00:00:00-05:00,82.77478817282251,83.37737528455636,82.45914417729196,82.79391479492188,1868000,0.0,0.0,83.4027229309082,80.08383819580078,84.21615492167601,50.41315087547281,1.389975411293733,1.6202410988889406,-0.2302656875952076,86.95341344517934,83.4027229309082,79.85203241663706,119259900.0
2020-01-28 00:00:00-05:00,83.07129601539705,83.67389040838208,82.44001533876032,83.3869400024414,1652200,0.0,0.0,83.49550285339356,80.2786294555664,84.08858339563992,53.5462981162662,1.2208660710310397,1.5403660933173604,-0.3195000222863207,86.94116778772943,83.49550285339356,80.0498379190577,120912100.0
2020-01-29 00:00:00-05:00,83.74084567762793,84.51560156785165,83.35824756361485,83.44432830810547,1131500,0.0,0.0,83.60741157531739,80.48220413208008,83.98946722832693,53.850190027809894,1.0790379790146005,1.4481004704568083,-0.3690624914422078,86.8899125432484,83.60741157531739,80.32491060738637,122043600.0
2020-01-30 00:00:00-05:00,81.20616589835555,81.33050722153176,79.96272347677639,80.70878601074219,3026700,0.0,0.0,83.56293563842773,80.60243347167969,83.4847470410062,40.31253048921303,0.7374024760324005,1.3059608715719269,-0.5685583955395264,86.97468066891601,83.56293563842773,80.15119060793945,119016900.0
2020-01-31 00:00:00-05:00,80.37398505255275,80.67049510256695,78.7575119722529,78.96794128417969,2850400,0.0,0.0,83.40081062316895,80.693955078125,82.78985384764827,34.387876506822735,0.3224650812518206,1.1092617135079057,-0.7867966322560851,87.32405069526773,83.40081062316895,79.47757055107017,116166500.0
2020-02-03 00:00:00-05:00,79.66618256579774,80.04878064764415,78.53752223794912,78.5757827758789,1919800,0.0,0.0,83.28507499694824,80.75186233520508,82.14153522122221,33.20401783850912,-0.037586434765529475,0.8798920838532187,-0.9174785186187482,87.61336286445368,83.28507499694824,78.9567871294428,114246700.0
2020-02-04 00:00:00-05:00,79.24534456398415,80.24966387795219,79.17839042954984,79.88619232177734,1676000,0.0,0.0,83.22290306091308,80.85067733764649,81.79455939053838,40.56697728124631,-0.2147156481004373,0.6609705374624875,-0.8756861855629248,87.70619509079667,83.22290306091308,78.7396110310295,115922700.0
2020-02-05 00:00:00-05:00,80.85222706655736,81.78002500910668,80.71831883747305,81.23482513427734,2345100,0.0,0.0,83.21572875976562,80.98066421508788,81.70844642803668,47.03753367031349,-0.24346195101981039,0.48008403976602787,-0.7235459907858383,87.71124746766496,83.21572875976562,78.72021005186629,118267800.0
2020-02-06 00:00:00-05:00,81.59830996304466,81.67483105547029,80.9000750626566,81.12963104248047,835500,0.0,0.0,83.16312294006347,81.09289367675781,81.61939790718188,46.6112615055442,-0.2716010395356534,0.3297470239056916,-0.6013480634413451,87.72986753833675,83.16312294006347,78.5963783417902,117432300.0
2020-02-07 00:00:00-05:00,80.92875713831491,81.10092592306033,79.31228395361914,79.55140686035156,1447600,0.0,0.0,82.96704139709473,81.151796875,81.30124543843876,40.658053659924995,-0.41645039077018,0.18050754097051727,-0.5969579317406972,87.79312195110954,82.96704139709473,78.14096084307992,115984700.0
2020-02-10 00:00:00-05:00,79.42706145876137,80.95744652302957,79.32184680145686,80.75658416748047,2066900,0.0,0.0,82.81591606140137,81.22163208007812,81.21745139675286,46.2985008053325,-0.42905097603174625,0.05859583757006456,-0.48764681360181084,87.7194900034672,82.81591606140137,77.91234211933553,118051600.0
2020-02-11 00:00:00-05:00,81.33047600088999,81.94263001415172,81.14874026970396,81.38786315917969,1543200,0.0,0.0,82.70257148742675,81.30161102294922,81.24366859097238,49.03131587221757,-0.3836753215451978,-0.02985839425298792,-0.35381692729220987,87.62809546179508,82.70257148742675,77.77704751305842,119594800.0
2020-02-12 00:00:00-05:00,81.68439540487881,82.31567615357521,81.5791807305206,81.71308898925781,1464200,0.0,0.0,82.58014106750488,81.39401229858399,81.31588711378552,50.43085059328054,-0.31780828589799626,-0.08744837258198959,-0.23035991331600666,87.47614301148487,82.58014106750488,77.6841391235249,121059000.0
2020-02-13 00:00:00-05:00,81.39741544554128,81.95218220051237,80.97656419819265,81.7513198852539,1596300,0.0,0.0,82.42949256896972,81.49519577026368,81.3828767709345,50.60256186745625,-0.25953155360608093,-0.12186500878680787,-0.13766654481927307,87.2319235033429,82.42949256896972,77.62706163459654,122655300.0
2020-02-14 00:00:00-05:00,81.99047289122666,82.12438115065616,81.41657930832127,82.08612060546875,1965400,0.0,0.0,82.25541152954102,81.60784774780274,81.49106813009362,52.165302717295326,-0.18420777081200868,-0.13433356119184803,-0.04987420962016065,86.8375492151321,82.25541152954102,77.67327384394994,124620700.0
2020-02-18 00:00:00-05:00,81.93305651397546,82.33478114905371,80.85221656573368,81.10090637207031,2872500,0.0,0.0,82.00050582885743,81.68495086669923,81.43104324424388,47.411957043978425,-0.20168676563690724,-0.14780420208085987,-0.05388256355604737,86.23042833102366,82.00050582885743,77.7705833266912,121748200.0
2020-02-19 00:00:00-05:00,81.01485266109178,82.10525273091162,79.81923790931975,81.6365737915039,4741300,0.0,0.0,81.79677314758301,81.76131378173828,81.46266332843773,50.07562182700222,-0.17035140600773957,-0.1523136428662358,-0.018037763141503765,85.66960347142732,81.79677314758301,77.9239428237387,126489500.0
2020-02-20 00:00:00-05:00,81.20617271181534,81.2922534895165,79.73317414791605,80.6705322265625,2543600,0.0,0.0,81.51987037658691,81.80537475585938,81.3407970050723,45.5907074611769,-0.22092272878923325,-0.1660354600508353,-0.05488726873839794,84.84447207105299,81.51987037658691,78.19526868212083,123945900.0
2020-02-21 00:00:00-05:00,80.24966547286434,81.38788578086908,79.77141956098487,81.36875915527344,1762500,0.0,0.0,81.32857284545898,81.8746630859375,81.34509887433401,49.136547234621084,-0.2023274833358073,-0.1732938647078297,-0.029033618627977598,84.19393066612236,81.32857284545898,78.4632150247956,125708400.0
2020-02-24 00:00:00-05:00,78.64276395047732,78.99666127754861,76.53847742505351,76.99759674072266,2919200,0.0,0.0,80.95745468139648,81.83152114868165,80.67625239223996,34.13752157245645,-0.5341495493596966,-0.2454650016382031,-0.28868454772149355,84.03958001022065,80.95745468139648,77.87532935257232,122789200.0
2020-02-25 00:00:00-05:00,77.18887726007632,77.36104605795002,74.30984249765031,74.55852508544922,2768000,0.0,0.0,80.54568519592286,81.730244140625,79.73506357581061,28.8462497685426,-0.9826067468149375,-0.39289335067355,-0.5897133961413875,84.58746982043847,80.54568519592286,76.50390057140724,120021200.0
2020-02-26 00:00:00-05:00,75.23764411815334,76.77758911299854,74.69243681828426,74.7115707397461,2526000,0.0,0.0,80.11191673278809,81.6054933166504,78.96221852410838,29.5837835147088,-1.3105555331186878,-0.5764257871625775,-0.7341297459561102,84.67001229507852,80.11191673278809,75.55382117049766,122547200.0
2020-02-27 00:00:00-05:00,73.34377329598077,76.80627537891593,73.04726324682427,74.06114196777344,2879400,0.0,0.0,79.64275741577148,81.48873229980468,78.20820674621069,28.24388483663317,-1.604446415501286,-0.7820299128303192,-0.8224165026709669,84.64247490438292,79.64275741577148,74.64303992716005,119667800.0
2020-02-28 00:00:00-05:00,71.7081736806071,73.71680450439453,70.94297751085404,73.71680450439453,3755600,0.0,0.0,79.2931583404541,81.35095825195313,77.51722178593128,27.53293339046537,-1.843887030794221,-0.9944013364230996,-0.8494856943711214,84.88819159331271,79.2931583404541,73.69812508759549,115912200.0
2020-03-02 00:00:00-05:00,73.94637068216856,78.4323190715687,73.87941655534702,78.40362548828125,3407500,0.0,0.0,79.26494255065919,81.31646560668945,77.65359158629282,47.064638755186714,-1.636592539436819,-1.1228395770258435,-0.5137529624109756,84.87193043094656,79.26494255065919,73.65795467037181,119319700.0
2020-03-03 00:00:00-05:00,78.32710053218325,81.30179014358592,75.83065674515463,76.82540893554688,3017200,0.0,0.0,79.17742385864258,81.26033477783203,77.52617887079344,42.87412154154158,-1.5814293149226586,-1.2145575246052065,-0.3668717903174521,84.87855985217035,79.17742385864258,73.47628786511481,116302500.0
2020-03-04 00:00:00-05:00,78.21233356100281,80.75660532614087,77.20802152012214,80.68008422851562,1905300,0.0,0.0,79.2171184539795,81.26068115234375,78.01139507967378,53.71408144326622,-1.212692812916373,-1.2141845822674397,0.001491769351066763,84.94841639281306,79.2171184539795,73.48582051514593,118207800.0
2020-03-05 00:00:00-05:00,78.56620302432164,79.6279090622814,76.2323616727776,76.95929718017578,2322600,0.0,0.0,79.00334205627442,81.17363067626952,77.84953386436639,44.86438794606751,-1.2067917532300925,-1.2127060164599703,0.00591426322987787,84.73660447850449,79.00334205627442,73.27007963404435,115885200.0
2020-03-06 00:00:00-05:00,74.55849982103707,75.46717100647334,73.17159024517395,75.14196014404297,2959900,0.0,0.0,78.70395851135254,81.04889724731446,77.43298406123971,41.28644878860727,-1.3333885583157752,-1.2368425248311312,-0.09654603348464397,84.58525165641257,78.70395851135254,72.82266536629251,112925300.0
2020-03-09 00:00:00-04:00,69.43174021556158,70.96213302072861,67.11703167905432,67.67179870605469,4598200,0.0,0.0,78.1099781036377,80.77399703979492,75.93126323736509,30.514089809347677,-2.0132890923014486,-1.3921318383251946,-0.621157253976254,85.68470149213249,78.1099781036377,70.53525471514291,108327100.0
2020-03-10 00:00:00-04:00,69.87169353977458,70.41689329789511,66.62918856293408,69.73778533935547,3537300,0.0,0.0,77.55903816223145,80.53755279541015,74.97842048382515,35.524574168485856,-2.35822317989242,-1.5853501066386397,-0.7728730732537801,85.85241580593566,77.55903816223145,69.26566051852723,111864400.0
2020-03-11 00:00:00-04:00,67.68134859381144,68.60914662621448,64.6301380124966,65.84487915039062,4985900,0.0,0.0,76.78188896179199,80.22382354736328,73.57326027868137,30.99000782532604,-2.912141569234194,-1.8507083991577506,-1.0614331700764434,86.31481051405525,76.78188896179199,67.24896740952873,106878500.0
2020-03-12 00:00:00-04:00,61.21546868808335,64.21885203679624,59.4555238173519,60.660701751708984,5055000,0.0,0.0,75.72926959991455,79.81291450500488,71.58671281299331,26.194752107605257,-3.726489027795836,-2.2258645248853677,-1.5006245029104681,87.28607503688309,75.72926959991455,64.172464162946,101823500.0
2020-03-13 00:00:00-04:00,63.63539309682255,66.48574163925076,60.97634727726522,66.18922424316406,3261200,0.0,0.0,74.95116481781005,79.50473289489746,70.75632995609651,37.33138910709546,-3.881021692275965,-2.556895958363487,-1.324125733912478,86.87120839382725,74.95116481781005,63.03112124179286,105084700.0
2020-03-16 00:00:00-04:00,60.65114165431926,63.72148294144791,58.470341634329145,61.339813232421875,4742800,0.0,0.0,73.91384944915771,79.08732032775879,69.30763507553118,32.67408260501569,-4.344713727215321,-2.914459512133854,-1.4302542150814674,86.7456694968291,73.91384944915771,61.08202940148633,100341900.0
2020-03-17 00:00:00-04:00,63.147575987952315,67.46135540456109,61.15807523861359,67.37527465820312,3341800,0.0,0.0,73.22756786346436,78.817015914917,69.01034885748071,42.31902104692995,-4.17703149011443,-3.166973907729969,-1.0100575823844613,85.9158108739491,73.22756786346436,60.53932485297962,103683700.0
2020-03-18 00:00:00-04:00,62.3536914558147,66.83963222104781,62.34412449626481,65.87358093261719,4123900,0.0,0.0,72.43941822052003,78.51189491271973,68.52776917673248,40.75461479165401,-4.117848251234662,-3.3571487764309076,-0.7606994748037543,84.8965743915999,72.43941822052003,59.98226204944015,99559800.0
2020-03-19 00:00:00-04:00,65.55792905311468,65.60574925020384,61.37805852210278,62.89888381958008,3430700,0.0,0.0,71.5508358001709,78.1423063659668,67.66178681409365,37.77560819113591,-4.261850346585561,-3.5380890904618383,-0.7237612561237228,84.06788564327172,71.5508358001709,59.03378595707008,96129100.0
2020-03-20 00:00:00-04:00,63.118868264466805,67.91089243598213,62.13368324601578,63.56842041015625,3258400,0.0,0.0,70.66081886291504,77.77003982543945,67.03203813656482,38.858896836699664,-4.272694079631208,-3.685010088295712,-0.5876839913354956,82.7840809433404,70.66081886291504,58.537556782489666,99387500.0
2020-03-23 00:00:00-04:00,63.89363926100069,64.6205675939604,59.3885612309195,60.61286926269531,2989600,0.0,0.0,69.84158248901367,77.31283645629883,66.04447369443105,35.88866922027797,-4.468268673357528,-3.8416618053080756,-0.6266068680494525,82.34958784496708,69.84158248901367,57.333577133060274,96397900.0
2020-03-24 00:00:00-04:00,62.67890167309305,65.2136062079356,61.78936407550537,64.08494567871094,2868900,0.0,0.0,69.31790351867676,76.9189535522461,65.74300784585873,41.541694953494634,-4.293601433850029,-3.932049731016466,-0.3615517028335624,81.86904304105482,69.31790351867676,56.76676399629869,99266800.0
2020-03-25 00:00:00-04:00,64.19972310375854,68.66653742248435,62.277172816161446,65.9979248046875,2628100,0.0,0.0,68.88222122192383,76.5658169555664,65.7822258395247,44.44806558695708,-3.9552216272195153,-3.936684110257076,-0.018537516962439327,81.25792118472698,68.88222122192383,56.50652125912068,101894900.0
2020-03-26 00:00:00-04:00,66.9544082624313,71.21079272584817,66.61963768060942,70.51255798339844,3267500,0.0,0.0,68.70479202270508,76.29283416748046,66.50996924627451,50.68002411141591,-3.284893814295941,-3.806326051064849,0.5214322367689079,80.87850881993627,68.70479202270508,56.53107522547388,105162400.0
2020-03-27 00:00:00-04:00,68.43699089636448,70.02476348243589,67.22224222933954,67.82483673095703,1829800,0.0,0.0,68.4101936340332,75.95404510498047,66.71225655161028,47.279508588671334,-2.936678632692505,-3.6323965673903804,0.6957179346978752,80.36774514998038,68.4101936340332,56.45264211808603,103332600.0
2020-03-30 00:00:00-04:00,68.14126379194008,70.17418908546217,68.14126379194008,69.68513488769531,1486200,0.18,0.0,67.97426910400391,75.63639297485352,67.16962244946951,49.79067418343253,-2.4819941943438266,-3.40231609278107,0.9203218984372432,79.04559587490013,67.97426910400391,56.90294233310768,104818800.0
2020-03-31 00:00:00-04:00,69.36867345100111,69.8097856591145,67.6042538826341,68.67825317382812,1822100,0.0,0.0,67.56691131591796,75.28597763061524,67.40171948398623,48.445646449232505,-2.177796162050427,-3.157412106634941,0.9796159445845141,77.87909335700492,67.56691131591796,57.25472927483101,102996700.0
2020-04-01 00:00:00-04:00,66.61657685311891,67.34536251350615,65.35079508298493,66.08916473388672,2173600,0.0,0.0,66.83736534118653,74.89353637695312,67.19978798397092,45.07385249826189,-2.1211831500546197,-2.950166315318877,0.8289831652642574,75.21936005345697,66.83736534118653,58.45537062891609,100823100.0
2020-04-02 00:00:00-04:00,65.4658471291491,69.47415640751532,65.34118943560965,69.32073211669922,1840300,0.0,0.0,66.4554370880127,74.55577926635742,67.52608708131373,49.77275706893776,-1.7948663477246782,-2.7191063218000373,0.9242399740753591,73.5559356530399,66.4554370880127,59.3549385229855,102663400.0
2020-04-03 00:00:00-04:00,68.76457261160976,69.35910927917429,66.7987789862534,67.52755737304688,2052600,0.0,0.0,66.0747169494629,74.20243621826172,67.5263132800419,47.352006972428526,-1.6617959967008318,-2.507644256780196,0.8458482600793644,71.98877142984185,66.0747169494629,60.160662469083945,100610800.0
2020-04-06 00:00:00-04:00,69.97281129631732,71.90983804100617,69.28238360402499,71.30571746826172,2312000,0.0,0.0,66.25641288757325,73.9401513671875,68.10776007822957,52.58463414528064,-1.2372090645516067,-2.2535572183344783,1.0163481537828716,72.56565420482181,66.25641288757325,59.947171570324684,102922800.0
2020-04-07 00:00:00-04:00,73.46331119120198,74.37428783763707,70.97968939353542,70.9892807006836,2458000,0.0,0.0,66.31898765563965,73.70405868530274,68.5510709432225,52.11742409053648,-0.915699055699605,-1.9859855858075037,1.0702865301078988,72.7879041267771,66.31898765563965,59.8500711845022,100464800.0
2020-04-08 00:00:00-04:00,71.12352662959985,74.00030410238314,69.76185371499473,73.54002380371094,2703000,0.0,0.0,66.70374488830566,73.50712036132812,69.31860215252841,55.546108949218024,-0.44989035045212233,-1.6787665387364274,1.2288761882843051,73.88973435626329,66.70374488830566,59.517755420348045,103167800.0
2020-04-09 00:00:00-04:00,73.29068780986863,75.48662842891979,73.09890560604791,75.1126480102539,2399900,0.0,0.0,67.42634220123291,73.34048675537109,70.20999382294772,57.5636882494493,0.04563794905804741,-1.3338856411775324,1.3795235902355798,74.93554411619735,67.42634220123291,59.91714028626847,105567700.0
2020-04-13 00:00:00-04:00,74.25922451528592,74.7866293740675,71.93861826216519,73.07974243164062,1533000,0.0,0.0,67.77086811065674,73.18790588378906,70.65149360890048,54.142803024005325,0.27118317517739854,-1.0128718779065462,1.2840550530839447,75.64483887865258,67.77086811065674,59.8968973426609,104034700.0
2020-04-14 00:00:00-04:00,74.12497707086355,75.94693047903334,74.0674365403569,75.59213256835938,2650300,0.0,0.0,68.48348407745361,73.12038970947266,71.4115919103557,57.50398949686251,0.6452205777706723,-0.6812533867711025,1.326473964541775,76.47916239544571,68.48348407745361,60.4878057594615,106685000.0
2020-04-15 00:00:00-04:00,74.25921147049706,75.17018799492604,73.83728180477108,73.8852310180664,2721100,0.0,0.0,68.80898189544678,73.02657867431641,71.79215177308042,54.57713001337109,0.794753797126404,-0.38605194999160114,1.1808057471180051,77.12145594505637,68.80898189544678,60.496507845837186,103963900.0
2020-04-16 00:00:00-04:00,74.85373506819208,75.67841172536747,73.32904677254459,75.51539611816406,1969300,0.0,0.0,69.29107265472412,72.93916275024414,72.36495859540098,56.83670267791211,1.0328940903943646,-0.10226274191440798,1.1351568323087726,77.97666195007604,69.29107265472412,60.6054833593722,105933200.0
2020-04-17 00:00:00-04:00,76.80036046843784,77.0496832140754,75.0934737892746,76.28254699707031,1313400,0.0,0.0,69.96025581359864,72.8401171875,72.96766450335011,57.89812223691997,1.2688975915239666,0.17196932477326693,1.0969282667506997,78.63506786240711,69.96025581359864,61.28544376479016,107246600.0
2020-04-20 00:00:00-04:00,75.80308076131772,75.80308076131772,73.81810482222856,74.19208526611328,1679400,0.0,0.0,70.49143905639649,72.70136627197266,73.15603692839059,54.00119781115747,1.272579768098737,0.39209141343836096,0.880488354660376,78.83016232021379,70.49143905639649,62.15271579257919,105567200.0
2020-04-21 00:00:00-04:00,72.64822237091771,72.6865802817457,70.68242150811732,70.72077941894531,2848100,0.0,0.0,70.99683456420898,72.52475372314453,72.78138192693747,48.199735188770646,0.9840490437823917,0.510482939507167,0.4735661042752246,77.99725586294777,70.99683456420898,63.9964132654702,102719100.0
2020-04-22 00:00:00-04:00,71.67968102492296,72.47559094465676,70.74952212065827,72.08242797851562,2347400,0.0,0.0,71.39670867919922,72.35127059936524,72.67385055025719,50.44851837097669,0.8553995118902122,0.579466253983776,0.2759332579064362,77.64548153053738,71.39670867919922,65.14793582786106,105066500.0
2020-04-23 00:00:00-04:00,73.45370957851826,74.30715289437396,71.96737908412837,72.00572967529297,2097700,0.0,0.0,71.6970989227295,72.1636279296875,72.57106272333961,50.31601490135279,0.7387391933484935,0.6113208418567195,0.12741835149177394,77.43565560572797,71.6970989227295,65.95854223973102,102968800.0
2020-04-24 00:00:00-04:00,72.51398361658389,72.79207302247583,70.9796962301422,72.63864135742188,1654300,0.0,0.0,71.80340309143067,71.98213897705078,72.58145943627534,51.44924183959041,0.6894086598078673,0.6269384054469491,0.06247025436091813,77.52900380076495,71.80340309143067,66.07780238209638,104623100.0
2020-04-27 00:00:00-04:00,73.21397887947282,73.47289292657688,72.72492470296069,73.11808776855469,1295800,0.0,0.0,72.06806564331055,71.8094743347168,72.66401764124139,52.336135121428114,0.6811493098044963,0.6377805863184586,0.04336872348603771,77.51620289565393,72.06806564331055,66.61992839096716,105918900.0
2020-04-28 00:00:00-04:00,73.8372823498981,73.8372823498981,72.24546210183271,72.35094451904297,1855900,0.0,0.0,72.20135612487793,71.61477081298828,72.61585254551855,50.73901186662507,0.6057193112960277,0.6313683313139724,-0.025649020017944668,77.53909594664904,72.20135612487793,66.86361630310682,104063000.0
2020-04-29 00:00:00-04:00,73.16604962078453,76.11953585377367,73.01261796399338,75.48664855957031,2409400,0.0,0.0,72.54177589416504,71.50248565673829,73.05751347075729,56.5726962939265,0.7898605828053036,0.6630667816122386,0.12679380119306494,77.80524455306164,72.54177589416504,67.27830723526844,106472400.0
2020-04-30 00:00:00-04:00,74.75786023246948,75.2181478708759,72.86877509079905,73.51126098632812,1795200,0.0,0.0,72.9128807067871,71.33997940063476,73.12732078084511,52.365551760018036,0.7675487744948981,0.6839631801887706,0.08358559430612755,77.27338174531693,72.9128807067871,68.55237966825729,104677200.0
2020-05-01 00:00:00-04:00,72.44684482892383,72.97424961265725,70.54816858582367,71.16188049316406,1618600,0.0,0.0,73.00493812561035,71.1498063659668,72.82494535197111,47.81149343766637,0.5539060503013502,0.6579517542112865,-0.10404570390993628,77.12956721009103,73.00493812561035,68.88030904112968,103058600.0
2020-05-04 00:00:00-04:00,71.22899953425495,71.55503807525382,70.4043228503444,71.49749755859375,1555400,0.0,0.0,73.2034351348877,70.9523811340332,72.62072261452843,48.50051239785835,0.40698270123466784,0.6077579436159628,-0.20077524238129496,76.56633511328164,73.2034351348877,69.84053515649376,104614000.0
2020-05-05 00:00:00-04:00,71.83313869722487,74.39346895239743,71.75642287363334,73.23316955566406,1476100,0.0,0.0,73.29980773925782,70.87709259033203,72.71494522085699,52.02790116698574,0.4256920007209857,0.5713447550369674,-0.14565275431598168,76.54816977386835,73.29980773925782,70.05144570464728,106090100.0
2020-05-06 00:00:00-04:00,73.54002183052138,75.59212245409731,73.50166392065732,74.67155456542969,2303600,0.0,0.0,73.48392143249512,70.87935317993164,73.01596204309894,54.79142619053374,0.5502420566448762,0.5671242153585492,-0.016882158713672935,76.60239787646131,73.48392143249512,70.36544498852894,108393700.0
2020-05-07 00:00:00-04:00,75.53457965133607,76.07158305720058,74.35510505171668,75.27567291259766,1190600,0.0,0.0,73.57070388793946,70.89063522338867,73.36360986917566,55.93946355411956,0.6897452215257829,0.591648416591996,0.09809680493378692,76.78570244647108,73.57070388793946,70.35570532940784,109584300.0
2020-05-08 00:00:00-04:00,76.3976162114314,77.03051074682534,75.93733592752963,76.43597412109375,2255000,0.0,0.0,73.63687019348144,70.93813186645508,73.83628129254768,58.138264176255475,0.8837418690871459,0.650067107091026,0.23367476199611992,77.02584351558676,73.63687019348144,70.24789687137613,111839300.0
2020-05-11 00:00:00-04:00,76.33047320494238,78.6223047108274,76.2345821120309,77.93187713623047,1691600,0.0,0.0,73.87947692871094,71.0224333190918,74.46637296080657,60.85080500213845,1.144993706770478,0.7490524270269164,0.39594127974356164,77.73655441368223,73.87947692871094,70.02239944373966,113530900.0
2020-05-12 00:00:00-04:00,78.22916574139543,78.91959346343737,76.5030964362906,76.57022094726562,2278900,0.0,0.0,73.92838134765626,70.98576522827149,74.79004188180026,57.21643959288828,1.2280076875249506,0.8448434791265232,0.38316420839842735,77.89434440383525,73.92838134765626,69.96241829147726,111252000.0
2020-05-13 00:00:00-04:00,77.07845784852036,78.56479585514316,75.7839094031522,76.86750030517578,2664900,0.0,0.0,74.07749481201172,70.98660705566407,75.10965087001188,57.80890773748223,1.302767334188374,0.9364282501388934,0.3663390840494807,78.24489631907433,74.07749481201172,69.91009330494911,113916900.0
2020-05-14 00:00:00-04:00,76.03322334579826,78.30587999960515,75.48663596273369,78.28669738769531,2285900,0.0,0.0,74.21605987548828,70.93873931884765,75.5984272573478,60.6130682563386,1.4597056584226777,1.0410837317956503,0.41862192662702746,78.73495348401521,74.21605987548828,69.69716626696136,116202800.0
2020-05-15 00:00:00-04:00,78.16203814499657,79.42781981343275,77.88394880592811,78.2387466430664,4529400,0.0,0.0,74.31386985778809,70.96432830810546,76.00463023976604,60.46683818530867,1.5622030820156425,1.1453076018396486,0.41689548017599387,79.08508146868007,74.31386985778809,69.54265824689611,111673400.0
2020-05-18 00:00:00-04:00,79.82097002716498,80.92373600126561,78.90999357500743,80.22372436523438,2076000,0.0,0.0,74.61545181274414,71.0659635925293,76.65372164368425,64.30579399212495,1.7830502483424482,1.2728561311402085,0.5101941172022397,80.03605724905647,74.61545181274414,69.19484637643181,113749400.0
2020-05-19 00:00:00-04:00,79.81141347030618,80.10867818646398,78.5264488377061,78.60316467285156,2099200,0.0,0.0,75.00957107543945,71.28459091186524,76.95363595586383,59.24737547636118,1.806483577002794,1.3795816203127256,0.4269019566900685,80.38621682192473,75.00957107543945,69.63292532895417,111650200.0
2020-05-20 00:00:00-04:00,79.57166057921224,79.57166057921224,78.12368067324401,78.35382080078125,2748100,0.0,0.0,75.32314071655273,71.45691162109375,77.16904900892806,58.485071770789965,1.7843656358507047,1.4605384234203214,0.32382721243038337,80.71184962565195,75.32314071655273,69.9344318074535,108902100.0
2020-05-21 00:00:00-04:00,78.3634172496804,78.81411354453662,77.15516869777139,77.43325805664062,2576500,0.0,0.0,75.59451713562012,71.68867919921875,77.20969655472999,55.638801983154494,1.6732669087960943,1.503084120495476,0.1701827883006184,80.8321768132,75.59451713562012,70.35685745804025,106325600.0
2020-05-22 00:00:00-04:00,81.50870013993807,84.06903049437038,80.74155650632909,81.4895248413086,5063100,0.0,0.0,76.03706130981445,72.10525566101074,77.86813167574208,63.961366193575984,1.8907320153359848,1.5806136994635778,0.310118315872407,81.68086147995686,76.03706130981445,70.39326113967203,111388700.0
2020-05-26 00:00:00-04:00,82.6881683225898,83.22516438640261,82.12239834162472,82.59226989746094,3173400,0.0,0.0,76.51077041625976,72.43331657409668,78.59492217139113,65.83779902547577,2.1275321230550475,1.6899973841818716,0.43753473887317584,82.66259532509605,76.51077041625976,70.35894550742347,114562100.0
2020-05-27 00:00:00-04:00,82.75530964480063,82.92791660267116,80.9045823305317,82.6402359008789,1917600,0.0,0.0,77.02523498535156,72.85932502746581,79.21727812977387,65.92091714339519,2.292640240508689,1.810525955447235,0.48211428506145393,83.41581349312146,77.02523498535156,70.63465647758166,116479700.0
2020-05-28 00:00:00-04:00,83.30191760822245,84.2416611419025,82.52518244880417,83.12931060791016,1908700,0.0,0.0,77.40736808776856,73.17440574645997,79.81912928025638,66.80769257918672,2.4348860044248966,1.9353979652427673,0.49948803918212925,84.28005963005204,77.40736808776856,70.53467654548508,118388400.0
2020-05-29 00:00:00-04:00,83.58957785100911,84.85535988119764,82.91833257591854,84.51973724365234,2394500,0.0,0.0,77.95779190063476,73.54732887268067,80.54229973616344,69.25692823643793,2.629501351604489,2.0742186425151115,0.5552827090893775,85.24498974569404,77.95779190063476,70.67059405557548,120782900.0
2020-06-01 00:00:00-04:00,84.42382433216217,86.2841426376378,84.32793321988487,86.2170181274414,2477600,0.0,0.0,78.71054878234864,74.01369155883789,81.4153333348216,71.97538887289076,2.887407561900986,2.2368564263922863,0.6505511355086995,86.14309625563358,78.71054878234864,71.2780013090637,123260500.0
2020-06-02 00:00:00-04:00,86.30333150787811,86.9074521946646,85.4498880371377,86.5814208984375,1682800,0.0,0.0,79.46474494934083,74.47395156860351,82.21011603691635,72.53687417319267,3.0856350695130033,2.40661215501643,0.6790229144965734,86.8777078179701,79.46474494934083,72.05178208071155,124943300.0
2020-06-03 00:00:00-04:00,86.9266173557674,87.39648890670033,86.55263691294,86.77318572998047,1382500,0.0,0.0,80.14174575805664,74.99715789794922,82.9121267589262,72.84520524765968,3.2210750683690037,2.5695047376869447,0.651570330682059,87.62738888761314,80.14174575805664,72.65610262850015,126325800.0
2020-06-04 00:00:00-04:00,86.13070279198178,87.97183830982243,86.13070279198178,87.396484375,2227500,0.0,0.0,80.77799224853516,75.463388671875,83.60202793062987,73.87200400259749,3.340203448632465,2.723644479876049,0.6165589687564164,88.45635553896035,80.77799224853516,73.09962895810996,128553300.0
2020-06-05 00:00:00-04:00,88.3458294653527,89.21845543672251,86.38961999650182,86.66770935058594,2844700,0.0,0.0,81.34759407043457,75.87678436279298,84.07367122600773,70.51462779850533,3.337336753744509,2.846382934649741,0.4909538190947682,88.9988768237522,81.34759407043457,73.69631131711694,125708600.0
2020-06-08 00:00:00-04:00,85.64167029185668,86.869094280516,85.40193881544592,86.5814208984375,1804700,0.0,0.0,81.85486640930176,76.19816162109375,84.45947886792,70.10834008110514,3.2901750307549804,2.935141353870789,0.3550336768841915,89.48157037732386,81.85486640930176,74.22816244127966,123903900.0
2020-06-09 00:00:00-04:00,86.38961962748066,86.79237401348183,85.65124999918747,86.082763671875,1817300,0.0,0.0,82.26241073608398,76.56332015991211,84.70921499160538,67.68140605963082,3.1759511666840723,2.9833033164334455,0.1926478502506268,89.87813775245816,82.26241073608398,74.6466837197098,122086600.0
2020-06-10 00:00:00-04:00,86.61017847696478,86.85950123492978,85.7855016987925,86.12112426757812,1410300,0.0,0.0,82.73995590209961,76.89203994750977,84.9264318032935,67.77382584248116,3.0533264641013176,2.99730794596702,0.05601851813429759,90.06012185314398,82.73995590209961,75.41978995105524,123496900.0
2020-06-11 00:00:00-04:00,84.989599726992,84.989599726992,81.52787664907387,81.53746795654297,2491300,0.0,0.0,82.97345428466797,77.14922424316406,84.40505274994726,49.54300517530592,2.5568094390994673,2.9092082445935095,-0.3523988054940421,89.8114943603373,82.97345428466797,76.13541420899863,121005600.0
2020-06-12 00:00:00-04:00,83.26354032854391,83.71423668659101,80.54018688069566,82.57311248779297,1520000,0.0,0.0,83.18777503967286,77.4789031982422,84.1232157865389,52.64267029569574,2.221278462584067,2.771622288191621,-0.5503438256075541,89.6850033103241,83.18777503967286,76.69054676902161,122525600.0
2020-06-15 00:00:00-04:00,80.93332116844088,83.69502423077594,80.27166017095598,83.38816833496094,1551400,0.0,0.0,83.44524612426758,77.76025192260742,84.01013156321922,54.98635359454784,1.9981030532639323,2.6169184412060833,-0.618815387942151,89.53279611123394,83.44524612426758,77.35769613730123,124077000.0
2020-06-16 00:00:00-04:00,85.22932074435717,85.57453461064853,82.95667132663269,83.84847259521484,1049200,0.0,0.0,83.6264835357666,78.08667022705077,83.985260952757,56.3016365786366,1.837199547597308,2.460974662484328,-0.6237751148870201,89.53273062466371,83.6264835357666,77.72023644686948,125126200.0
2020-06-17 00:00:00-04:00,84.24164470105443,85.10467953418345,83.86766415936928,84.30876922607422,900800,0.0,0.0,83.91176376342773,78.34673126220703,84.03503145634427,57.63473560929343,1.7269176200057217,2.314163253988607,-0.5872456339828851,89.35277209965206,83.91176376342773,78.4707554272034,126027000.0
2020-06-18 00:00:00-04:00,83.83886930775878,84.86491945371078,83.67585370420147,84.58683013916016,1491500,0.0,0.0,84.22341423034668,78.61868225097656,84.11992356139287,58.45917584873392,1.6430159248453151,2.1799337881599485,-0.5369178633146334,89.03268284291778,84.22341423034668,79.41414561777557,127518500.0
2020-06-19 00:00:00-04:00,85.73756487423087,86.10195406819709,84.15533573796729,85.08549499511719,1784700,0.0,0.0,84.60602607727051,78.84959167480469,84.26847301273507,59.96389209967743,1.598336682960138,2.0636143671199862,-0.46527768415984827,88.27629715207692,84.60602607727051,80.9357550024641,129303200.0
2020-06-22 00:00:00-04:00,84.99915915233538,85.41149742655537,84.16489130002388,84.8936767578125,1245500,0.0,0.0,84.7762336730957,79.04521224975586,84.36465820428545,59.07741644145674,1.5298151761373617,1.9568545289234613,-0.4270393527860996,88.15691997204672,84.7762336730957,81.39554737414468,128057700.0
2020-06-23 00:00:00-04:00,85.52662282950519,86.01566988228369,85.01839315738694,85.61292266845703,1160300,0.0,0.0,84.92726631164551,79.29587585449218,84.55669889108107,61.38273377580724,1.5160721858730568,1.8686980603133805,-0.35262587444032367,88.17131726078544,84.92726631164551,81.68321536250558,129218000.0
2020-06-24 00:00:00-04:00,85.42111292219109,85.42111292219109,82.77447563774683,83.0046157836914,1806600,0.0,0.0,84.94548530578614,79.44412551879883,84.31791687455959,50.31348722570777,1.279957645019465,1.7509499772545973,-0.47099233223513237,88.14169465815999,84.94548530578614,81.74927595341228,127411400.0
2020-06-25 00:00:00-04:00,82.8799701379101,83.76218025592343,81.31692347342842,83.6758804321289,1350100,0.0,0.0,84.97281379699707,79.63993850708007,84.21914203726256,52.67858618754706,1.1339293853084484,1.6275458588653675,-0.49361647355691907,88.11533635680063,84.97281379699707,81.83029123719352,128761500.0
2020-06-26 00:00:00-04:00,83.64710004885477,83.9635400000131,82.00733050655894,82.3717269897461,2225800,0.0,0.0,84.86541328430175,79.77706512451172,83.93492433764465,47.90733368887835,0.9025624754837196,1.482549182189038,-0.5799867067053184,88.20328437251165,84.86541328430175,81.52754219609186,126535700.0
2020-06-29 00:00:00-04:00,83.17888235692973,83.94763653442729,82.74646271420184,83.88037109375,1302500,0.18,0.0,84.74858093261719,79.92902160644532,83.92653153089162,53.18919715387762,0.8313541700944711,1.3523101797701247,-0.5209560096756536,88.05243908649359,84.74858093261719,81.44472277874078,127838200.0
2020-06-30 00:00:00-04:00,83.91884262773821,85.40829435332795,83.83235426625751,84.91822052001953,1920200,0.0,0.0,84.6654209136963,80.14354431152344,84.07909906768053,56.45983800813733,0.848881472866907,1.2516244383894812,-0.40274296552257427,87.86256204223648,84.6654209136963,81.46827978515611,129758400.0
2020-07-01 00:00:00-04:00,85.4178969875478,85.4178969875478,83.89000696242609,84.66836547851562,1137000,0.0,0.0,84.56017990112305,80.42249603271485,84.16975543857824,55.45529567470877,0.8330083708978009,1.1679012248911451,-0.33489285399334423,87.60794563077405,84.56017990112305,81.51241417147205,128621400.0
2020-07-02 00:00:00-04:00,85.36023732784182,85.99445343531326,85.09117550458818,85.21609497070312,1507700,0.0,0.0,84.4511604309082,80.68516937255859,84.33073075121284,57.25093031930912,0.8547727277529447,1.105275525463505,-0.2505027977105603,87.22937123379683,84.4511604309082,81.67294962801958,130129100.0
2020-07-06 00:00:00-04:00,85.5428141471023,87.09953846854111,85.5428141471023,85.82148742675781,1412200,0.0,0.0,84.40884933471679,80.96148452758788,84.56007793206591,59.20819853219995,0.9103769898432006,1.066295818339444,-0.1559188284962434,87.07422655798034,84.40884933471679,81.74347211145324,131541300.0
2020-07-07 00:00:00-04:00,85.36986021315636,86.52299199243247,85.2065022604595,85.72541046142578,1441700,0.0,0.0,84.36604881286621,81.22321990966798,84.73935985965973,58.74848498491944,0.9359026567553173,1.0402171860226186,-0.10431452926730134,86.91547255241667,84.36604881286621,81.81662507331575,130099600.0
2020-07-08 00:00:00-04:00,86.02331097666432,86.80167704896046,85.64854511390179,86.04253387451172,1069600,0.0,0.0,84.36403732299804,81.4817088317871,84.93984816963696,59.856422433460224,0.9705334355023751,1.02628043591857,-0.05574700041619485,86.90809779208492,84.36403732299804,81.81997685391117,131169200.0
2020-07-09 00:00:00-04:00,86.14823386822842,86.86893854532225,85.1008059251974,86.40768432617188,1133800,0.0,0.0,84.37836532592773,81.76284362792968,85.16566911679618,61.15029435939774,1.0157344128810593,1.0241712313110678,-0.008436818430008541,86.9647238107967,84.37836532592773,81.79200684105876,132303000.0
2020-07-10 00:00:00-04:00,86.34040455710519,86.35962745088904,85.11040328483,85.92720031738281,938100,0.0,0.0,84.59785194396973,81.97165466308594,85.28282776304027,58.4793224088894,1.0012437544238395,1.0195857359336222,-0.018341981509782723,86.91349248250974,84.59785194396973,82.28221140542972,131364900.0
2020-07-13 00:00:00-04:00,86.45574192216772,87.67613205804895,85.18730187098761,85.77347564697266,1646200,0.0,0.0,84.75787010192872,82.21689895629883,85.35831205287603,57.612290201073215,0.9662175525294998,1.0089120992527978,-0.04269454672329798,86.9295680794002,84.75787010192872,82.58617212445724,129718700.0
2020-07-14 00:00:00-04:00,85.36025783343585,87.24369838004401,84.62994175817585,87.1476058959961,1361200,0.0,0.0,84.94584197998047,82.53661346435547,85.63358802874066,62.90648482557675,1.037381573160829,1.014605994034404,0.022775579126424805,87.25709472353886,84.94584197998047,82.63458923642209,131079900.0
2020-07-15 00:00:00-04:00,88.15657439924287,89.42501405493753,87.52235823708827,89.25204467773438,1897100,0.0,0.0,85.21602058410645,82.89170440673828,86.19027366704739,69.24235307389411,1.2491903061227845,1.0615228564520802,0.18766744967070426,88.13453660318211,85.21602058410645,82.29750456503078,132977000.0
2020-07-16 00:00:00-04:00,89.34816450887631,89.569176504559,88.46409453198424,89.23284912109375,1226400,0.0,0.0,85.46222457885742,83.21169799804687,86.65836219843914,69.1263682988333,1.3993702626871851,1.1290923376991011,0.270277924988084,88.82936452534925,85.46222457885742,82.09508463236558,131750600.0
2020-07-17 00:00:00-04:00,89.76135976375744,90.81839171862525,89.06948216962249,90.6838607788086,3457700,0.0,0.0,85.76707611083984,83.53194412231446,87.27766967234213,72.83109500533837,1.6168356000674606,1.226640990172773,0.39019460989468757,89.80015526069178,85.76707611083984,81.7339969609879,135208300.0
2020-07-20 00:00:00-04:00,91.20278086871473,92.46160939747891,91.05863846257373,91.49105834960938,1236800,0.0,0.0,86.08735427856445,83.85625183105469,87.92588331499863,74.65324628343598,1.833180777736203,1.3479489476854591,0.4852318300507439,90.81126145171835,86.08735427856445,81.36344710541054,136445100.0
2020-07-21 00:00:00-04:00,91.83698932967111,92.68261346517754,91.4430079400941,92.2694091796875,2169100,0.0,0.0,86.45614089965821,84.17292053222656,88.5941180634123,76.30359240292483,2.0438817007850503,1.4871354983053773,0.556746202479673,91.85335055357831,86.45614089965821,81.05893124573811,138614200.0
2020-07-22 00:00:00-04:00,92.59612878156243,93.09581408482491,92.06760913556579,92.58651733398438,1313200,0.0,0.0,86.80482063293456,84.46601333618165,89.208333335808,76.96173376318356,2.210965049376526,1.631901408519607,0.5790636408569187,92.8062922417158,86.80482063293456,80.80334902415333,139927400.0
2020-07-23 00:00:00-04:00,92.81714187038403,94.25855110616595,92.55769143375336,92.88441467285156,1386300,0.0,0.0,87.29881057739257,84.79229721069336,89.77388431073778,77.59137868870157,2.340438514201111,1.7736088296559078,0.566829684545203,93.5873349328275,87.29881057739257,81.01028622195764,141313700.0
2020-07-24 00:00:00-04:00,92.23095584196511,92.461579217682,90.20337336318417,91.10665130615234,1142800,0.0,0.0,87.67034912109375,85.0770802307129,89.97892538695541,65.99893818235968,2.2733902934101735,1.8735651224067609,0.39982517100341264,93.93678196974862,87.67034912109375,81.40391627243888,140170900.0
2020-07-27 00:00:00-04:00,91.25081317673663,93.73003882280875,91.19315915332591,93.4705810546875,1177100,0.0,0.0,88.22529182434081,85.38075790405273,90.51610318199111,71.99131849776388,2.3835276468797844,1.9755576273013655,0.40797001957841883,94.48227143352038,88.22529182434081,81.96831221516125,141348000.0
2020-07-28 00:00:00-04:00,93.19191619435539,93.45136663426509,91.48143772124523,91.5775375366211,1373700,0.0,0.0,88.61015014648437,85.64753372192382,90.6794007750111,62.49295729345887,2.291642869417572,2.038774675724607,0.2528681936929651,94.69531022237987,88.61015014648437,82.52499007058887,139974300.0
2020-07-29 00:00:00-04:00,92.06759261497339,93.84533619720787,91.78891933630628,93.30720520019531,1125300,0.0,0.0,89.02959938049317,85.90920333862304,91.0836783788856,66.8027590674409,2.331516969988229,2.0973231345773313,0.23419383541089767,95.19497194602314,89.02959938049317,82.86422681496319,141099600.0
2020-07-30 00:00:00-04:00,92.3654726280533,92.59609596849619,91.26039115254778,92.18289184570312,1663300,0.0,0.0,89.40532569885254,86.18079788208007,91.25278814301137,61.82940980041995,2.2464985536098823,2.1271582183838413,0.11934033522604093,95.37455649111064,89.40532569885254,83.43609490659443,139436300.0
2020-07-31 00:00:00-04:00,92.19252549202452,92.64416816888831,91.02978973423984,92.56729125976562,1551800,0.0,0.0,89.77288551330567,86.46506729125977,91.4550193917428,62.84781121965594,2.184951900832857,2.1387169548736447,0.0462349459592124,95.56779619470372,89.77288551330567,83.97797483190762,140988100.0
2020-08-03 00:00:00-04:00,93.15346855973551,95.47894016761714,93.15346855973551,95.219482421875,1994300,0.0,0.0,90.24278526306152,86.82079177856446,92.03416755022467,68.99443415543628,2.3234026570210204,2.17565409530312,0.14774856171790063,96.20165603824314,90.24278526306152,84.2839144878799,142982400.0
2020-08-04 00:00:00-04:00,94.85433737253041,95.12339926009658,93.10542777196376,93.72042846679688,779200,0.0,0.0,90.64253616333008,87.06540985107422,92.2935923066204,62.68206238319157,2.2858152968542953,2.197686335613355,0.08812896124094038,96.40503590016826,90.64253616333008,84.8800364264919,142203200.0
2020-08-05 00:00:00-04:00,94.25853778262238,94.96963818369161,93.88377202080355,94.06635284423828,955900,0.0,0.0,91.04372711181641,87.29489151000976,92.56632469702315,63.51168560526184,2.257912440259105,2.209731556542505,0.04818088371659979,96.58223651687585,91.04372711181641,85.50521770675697,143159100.0
2020-08-06 00:00:00-04:00,93.90302011787786,94.41231693954246,92.06762193871494,93.64356231689453,1075300,0.0,0.0,91.40552101135253,87.51495803833008,92.73205356161874,61.706091742942306,2.176593152252437,2.2031038756844916,-0.02651072343205474,96.6213389916522,91.40552101135253,86.18970303105287,142083800.0
2020-08-07 00:00:00-04:00,93.27840425270269,94.01832449964796,93.08621927025608,93.9606704711914,897900,0.0,0.0,91.80719451904297,87.7315852355957,92.92107154770684,62.56570466999302,2.1133733559831285,2.185157771744219,-0.07178441576109051,96.48295638249637,91.80719451904297,87.13143265558956,142981700.0
2020-08-10 00:00:00-04:00,94.01828897624705,94.13360432097713,93.16305366413937,93.34563446044922,900800,0.0,0.0,92.1858024597168,87.90810317993164,92.98638891889797,59.76357867515131,1.9906954480094043,2.146265306997256,-0.1555698589878518,95.99126956875678,92.1858024597168,88.38033535067682,142080900.0
2020-08-11 00:00:00-04:00,93.42253760040862,93.8165189756543,92.44237522332497,92.5384750366211,1137000,0.0,0.0,92.45534591674804,88.03453231811524,92.91747909085538,56.20582322898664,1.8075055039866186,2.0785133463951286,-0.27100784240851006,95.47844960061941,92.45534591674804,89.43224223287667,140943900.0
2020-08-12 00:00:00-04:00,92.88441553482697,94.44113283183054,92.74987726002989,93.81652069091797,1318100,0.0,0.0,92.68356971740722,88.17923431396484,93.0557931831727,60.241709580131264,1.7453346256336175,2.0118776022428264,-0.2665429766092089,95.3759929861897,92.68356971740722,89.99114644862475,142262000.0
2020-08-13 00:00:00-04:00,93.73965485619034,95.24832963746186,93.38410458786242,94.91199493408203,1190800,0.0,0.0,92.96752700805663,88.34201049804688,93.3413626833126,63.35868977159041,1.7641236534369966,1.9623268124816604,-0.1982031590446638,95.32088574593081,92.96752700805663,90.61416827018246,143452800.0
2020-08-14 00:00:00-04:00,94.60449770098185,94.96965942954236,93.11504576683308,93.56668853759766,957400,0.0,0.0,93.11166839599609,88.46541458129883,93.37602819935645,57.40657003287928,1.651422539279224,1.9001459578411732,-0.24872341856194913,95.22920541069863,93.11166839599609,90.99413138129356,142495400.0
2020-08-17 00:00:00-04:00,93.85495652526112,94.82550744533344,93.29760987164443,93.70121002197266,1989300,0.0,0.0,93.22217597961426,88.60608459472657,93.42605617206664,57.833141541554625,1.555035374071224,1.8311238410871833,-0.27608846701595935,95.21700724710024,93.22217597961426,91.22734471212829,144484700.0
2020-08-18 00:00:00-04:00,93.89340185278236,94.85434139563928,93.31683959334559,94.03754425048828,2008700,0.0,0.0,93.31058273315429,88.75520706176758,93.52013126105459,58.94034796092584,1.488627244355996,1.7626245217409457,-0.2739972773849497,95.28529813996232,93.31058273315429,91.33586732634626,146493400.0
2020-08-19 00:00:00-04:00,91.51026821876586,95.51738401694213,90.83760619633786,94.13362884521484,2830800,0.0,0.0,93.38793830871582,88.91622436523437,93.61451550477155,59.269385681508055,1.42729853781249,1.6955593249552545,-0.26826078714276447,95.36434723342163,93.38793830871582,91.41152938401001,149324200.0
2020-08-20 00:00:00-04:00,93.58590462344954,94.33543631893328,93.3264541640079,93.9606704711914,1428300,0.0,0.0,93.4417510986328,89.07301528930664,93.66777011498999,58.362737916720654,1.3491862217914985,1.6262847043225033,-0.2770984825310048,95.41899822224678,93.4417510986328,91.46450397501883,147895900.0
2020-08-21 00:00:00-04:00,94.04713818747969,94.4795579686956,93.47056870401111,94.46034240722656,1269300,0.0,0.0,93.60943565368652,89.33147277832032,93.78970431379562,60.25432397790163,1.3124716417802347,1.5635220918140496,-0.2510504500338149,95.31648023144234,93.60943565368652,91.9023910759307,149165200.0
2020-08-24 00:00:00-04:00,94.92160577917019,95.33481007110396,93.34566553351273,93.7876968383789,1154500,0.0,0.0,93.62529144287109,89.55576446533203,93.78939547142382,56.53111427551447,1.2150913796778013,1.4938359493867999,-0.2787445697089985,95.33277346511933,93.62529144287109,91.91780942062285,148010700.0
2020-08-25 00:00:00-04:00,94.0471363336978,94.80627929600799,93.74924015140812,94.49877166748047,1061300,0.0,0.0,93.77135314941407,89.77797653198242,93.89853027081715,59.38802760374622,1.1816730253130316,1.4314033645720463,-0.24973033925901467,95.23562535643828,93.77135314941407,92.30708094238986,149072000.0
2020-08-26 00:00:00-04:00,94.34504470626986,95.83450393175772,94.22012520487154,95.45012664794922,1072300,0.0,0.0,93.87849922180176,90.01000961303711,94.13723740576054,62.901132989695576,1.2179157600753143,1.3887058436727,-0.17079008359738568,95.49675179821816,93.87849922180176,92.26024664538537,150144300.0
2020-08-27 00:00:00-04:00,95.31556403153367,95.76720664010494,93.74922840339207,95.1521987915039,1236900,0.0,0.0,94.0269645690918,90.22687820434571,94.29338531125953,61.118096964477985,1.2086653584766225,1.3526977466334844,-0.14403238815686192,95.53693768398065,94.0269645690918,92.51699145420295,148907400.0
2020-08-28 00:00:00-04:00,95.13300913625709,96.02668315170163,94.69097785236005,95.99785614013672,866000,0.0,0.0,94.19849281311035,90.45509872436523,94.55561159262525,64.21856594534515,1.2551037741124418,1.3331789521292758,-0.07807517801683406,95.78376393714167,94.19849281311035,92.61322168907903,149773400.0
2020-08-31 00:00:00-04:00,95.99785801815864,97.09332846737489,95.85371562612775,96.49754333496094,1076900,0.0,0.0,94.26239585876465,90.6833396911621,94.85437032221536,65.94651115304873,1.3170450580397244,1.3299521733113655,-0.012907115271641123,96.09143736837247,94.26239585876465,92.43335434915683,150850300.0
2020-09-01 00:00:00-04:00,96.97800425087887,97.33355447463929,96.33417660071099,97.17019653320312,1159700,0.0,0.0,94.43488426208496,90.92887008666992,95.21065127775194,68.17455812135198,1.4042244380927826,1.344806626267649,0.059417811825133615,96.63912995356596,94.43488426208496,92.23063857060397,152010000.0
2020-09-02 00:00:00-04:00,97.05488413308697,99.61098658080591,96.53597595201502,99.38035583496094,1462500,0.0,0.0,94.7005844116211,91.20421875,95.85214428655333,74.15749462282436,1.632833817612564,1.402412064536632,0.23042175307593205,97.77315459389384,94.7005844116211,91.62801422934835,153472500.0
2020-09-03 00:00:00-04:00,99.06323909154763,99.17855445868892,95.17143892569794,95.74800109863281,1992800,0.0,0.0,94.80580635070801,91.45908645629883,95.83612225764247,55.6433842515669,1.5035754457615553,1.4226447407816167,0.0809307049799386,97.87050178429209,94.80580635070801,91.74111091712393,151479700.0
2020-09-04 00:00:00-04:00,96.16120281992212,96.1996412746312,91.92346399479771,93.05736541748047,1753900,0.0,0.0,94.76064109802246,91.64671615600587,95.40862120530986,46.40202136045532,1.170532274495642,1.3722222475244217,-0.20168997302877978,97.89955121283307,94.76064109802246,91.62173098321185,149725800.0
2020-09-08 00:00:00-04:00,92.35588711831191,92.70182589181111,91.05862038338284,91.42377471923828,1225600,0.0,0.0,94.66454811096192,91.8277571105957,94.79556789976039,41.85673853701603,0.7659466883221597,1.2509671356839693,-0.4850204473618096,98.07663075200439,94.66454811096192,91.25246546991944,148500200.0
2020-09-09 00:00:00-04:00,92.34626898450072,94.62369785656055,92.11564559599636,94.10478973388672,954400,0.0,0.0,94.7428638458252,92.03224548339844,94.68929433577982,50.437366363668716,0.654105085641703,1.131594725675516,-0.4774896400338131,98.02560707011924,94.7428638458252,91.46012062153116,149454600.0
2020-09-10 00:00:00-04:00,95.01770705159508,96.1900545618227,94.40270628088346,94.71981811523438,1933200,0.0,0.0,94.78802871704102,92.22827743530273,94.69399030184975,52.18078898592583,0.6080878024452403,1.026893341029461,-0.41880553858422065,98.04329022839318,94.78802871704102,91.53276720568886,151387800.0
2020-09-11 00:00:00-04:00,94.85433063321614,95.72878903706328,94.19128007783253,94.74862670898438,1368600,0.0,0.0,94.77986030578613,92.42988265991211,94.70239590294739,52.265490729221376,0.567402721351769,0.9349952170939225,-0.3675924957421536,98.03465639687703,94.77986030578613,91.52506421469523,152756400.0
2020-09-14 00:00:00-04:00,95.83447911356107,96.31494876104804,95.10416319659308,95.53658294677734,1207700,0.0,0.0,94.87835502624512,92.63629241943359,94.83073237122892,54.63249768750865,0.5919177255457697,0.866379718784292,-0.2744619932385223,98.099389244939,94.87835502624512,91.65732080755123,153964100.0
2020-09-15 00:00:00-04:00,95.82488131126149,97.05488261093274,95.82488131126149,96.44949340820312,1053800,0.0,0.0,95.01576919555664,92.8488525390625,95.0797725307634,57.27582834528781,0.6772039026713657,0.8285445555617067,-0.15134065289034104,98.25862163023754,95.01576919555664,91.77291676087575,155017900.0
2020-09-16 00:00:00-04:00,97.27590260560852,97.56418003838745,94.24894190742015,96.0170669555664,1365000,0.0,0.0,95.11474533081055,93.05468566894531,95.2239716730408,55.622622853113434,0.7018105762469418,0.8031977596987537,-0.10138718345181197,98.35296111174988,95.11474533081055,91.87652954987122,153652900.0
2020-09-17 00:00:00-04:00,95.37323688021797,96.53597269188808,94.72940923209572,95.70956420898438,1246400,0.0,0.0,95.19354209899902,93.24802627563477,95.29867821703212,54.41971285109615,0.68856133415008,0.780270474589019,-0.09170914043893896,98.40904356986415,95.19354209899902,91.97804062813388,152406500.0
2020-09-18 00:00:00-04:00,95.26753789729084,96.66089718787039,94.6140987683587,95.49816131591797,2162400,0.0,0.0,95.27041664123536,93.42983581542968,95.32936792455303,53.56211049849675,0.6534699725572182,0.7549103741826588,-0.10144040162544066,98.43749337088425,95.27041664123536,92.10333991158646,150244100.0
2020-09-21 00:00:00-04:00,94.34502408137081,94.7101783888992,92.73064570740614,94.2969741821289,927900,0.0,0.0,95.26224822998047,93.59723129272462,95.17053811802624,48.85135304918501,0.5227085934279785,0.7084700180317227,-0.18576142460374423,98.43846958735354,95.26224822998047,92.0860268726074,149316200.0
2020-09-22 00:00:00-04:00,94.01830627225135,95.1137839202548,93.68197895248025,94.7678451538086,845800,0.0,0.0,95.31125564575196,93.77711868286133,95.10858535430044,50.682446528429246,0.45186578309400716,0.6571491710441796,-0.20528338795017242,98.42458211801251,95.31125564575196,92.1979291734914,150162000.0
2020-09-23 00:00:00-04:00,94.74862403036954,95.04652023177644,92.79791820787209,93.12464141845703,1148700,0.0,0.0,95.24254913330078,93.89665939331054,94.80336321032453,44.672253669412925,0.2601309096921227,0.5777455187737682,-0.3176146090816455,98.48263396186302,95.24254913330078,92.00246430473855,149013300.0
2020-09-24 00:00:00-04:00,92.79790830383875,93.18228549175642,91.71204952950254,92.57688903808594,1157600,0.0,0.0,95.09888725280761,93.96315628051758,94.46082872228783,42.848186501523,0.06325147814034437,0.47484671064708345,-0.4115952325067391,98.53809149454497,95.09888725280761,91.65968301107026,147855700.0
2020-09-25 00:00:00-04:00,92.21177005502912,94.30661883346444,92.02918917128584,93.87419891357422,1028600,0.0,0.0,95.03498725891113,94.05598327636719,94.37057798248574,48.23894883226716,0.011769503565901118,0.382231269230847,-0.3704617656649459,98.51510174856836,95.03498725891113,91.5548727692539,148884300.0
2020-09-28 00:00:00-04:00,94.78706507603927,95.83449287023531,94.2873797967343,95.62308502197266,1336600,0.0,0.0,95.01624870300293,94.15476776123047,94.56327137317604,54.473269278855554,0.11081277995599237,0.32794757137587605,-0.21713479141988368,98.47941789126219,95.01624870300293,91.55307951474367,150220900.0
2020-09-29 00:00:00-04:00,95.89215460407105,97.37200232956778,95.69996230319616,96.30535888671875,722400,0.0,0.0,95.00663948059082,94.25105377197265,94.83128483679799,56.666054797975754,0.24157436998545734,0.3106729310977923,-0.06909856111233498,98.45434679614202,95.00663948059082,91.55893216503962,150943300.0
2020-09-30 00:00:00-04:00,96.6128532831087,97.91012007567882,96.39183398356923,96.99723052978516,1362200,0.0,0.0,94.99799118041992,94.34561019897461,95.16450725110371,58.83149533010034,0.3964619648117207,0.327830737840578,0.06863122697114271,98.42475076964831,94.99799118041992,91.57123159119152,152305500.0
2020-10-01 00:00:00-04:00,97.79477802418153,98.40978584992355,96.61282692746241,97.26626586914062,723600,0.0,0.0,94.89228668212891,94.43920516967773,95.4878547308017,59.67532994671419,0.5347560680023946,0.3692158038729413,0.16554026412945333,97.87322236378152,94.89228668212891,91.9113510004763,153029100.0
2020-10-02 00:00:00-04:00,96.29572343476505,97.32392816113392,95.91134626021733,96.1035385131836,712200,0.0,0.0,94.91006355285644,94.50358764648438,95.58257531270661,54.47814907455027,0.5442588832121658,0.40422441974078616,0.1400344634713796,97.91534061774556,94.91006355285644,91.90478648796733,152316900.0
2020-10-05 00:00:00-04:00,97.22025563089102,99.59805694948595,97.19137664234215,99.270751953125,803900,0.18,0.0,95.22073287963867,94.66686965942382,96.14998710354021,63.74148035720809,0.7981569315546153,0.483010922103552,0.3151460094510633,98.6503467213143,95.22073287963867,91.79111903796304,153120800.0
2020-10-06 00:00:00-04:00,99.2707360080846,99.47289624006069,97.69195456775337,97.83634948730469,1078000,0.0,0.0,95.54136161804199,94.75418502807617,96.40942747027322,57.9863950140172,0.8735588304862034,0.5611205037800823,0.31243832670612115,98.67759371161436,95.54136161804199,92.40512952446961,152042800.0
2020-10-07 00:00:00-04:00,98.64500893195742,100.83990009297315,98.5968723902524,100.00237274169922,1322100,0.0,0.0,95.83624076843262,94.92268173217774,96.96218828126183,63.36535577514489,1.0954674857776183,0.6679899001795895,0.42747758559802884,99.44948213662488,95.83624076843262,92.22299940024035,153364900.0
2020-10-08 00:00:00-04:00,100.31042729963899,100.4933373442036,99.28036847294234,100.27192687988281,765300,0.0,0.0,96.11384620666504,95.06197616577148,97.47137883489583,63.98334286407409,1.278346477604316,0.7900612156645348,0.4882852619397813,100.16761438148946,96.11384620666504,92.06007803184063,154130200.0
2020-10-09 00:00:00-04:00,100.91691711473334,102.13950743931305,100.64737010424994,101.81220245361328,709000,0.0,0.0,96.46702499389649,95.25456237792969,98.13919785316006,67.37049721513488,1.5299306739187841,0.9380351073153846,0.5918955666033995,101.16336221776301,96.46702499389649,91.77068777002997,154839200.0
2020-10-12 00:00:00-04:00,102.476444427332,103.00591703216192,101.38862757376057,101.49452209472656,1003700,0.0,0.0,96.76492195129394,95.4331069946289,98.65540158263182,65.99201988782781,1.6842636689101624,1.0872808196343402,0.5969828492758222,101.92075494612008,96.76492195129394,91.6090889564678,153835500.0
2020-10-13 00:00:00-04:00,101.50414372349223,102.05286650048512,101.04205790594855,101.4848861694336,915500,0.0,0.0,97.01669158935547,95.55841506958008,99.09070690367825,65.94794219375106,1.7852172673112676,1.2268681091697258,0.5583491581415418,102.56329194262392,97.01669158935547,91.47009123608703,152920000.0
2020-10-14 00:00:00-04:00,101.5522778493435,102.68823122198715,101.00355504571255,101.1383285522461,906700,0.0,0.0,97.27275466918945,95.70677307128906,99.40572561884254,64.28490053195672,1.8163219887067328,1.3447588850771273,0.4715631036296055,103.07794464407706,97.27275466918945,91.46756469430184,152013300.0
2020-10-15 00:00:00-04:00,100.21418003402742,101.77371172741117,100.002390963303,101.38864135742188,723000,0.0,0.0,97.55670852661133,95.85321884155273,99.71078957862397,64.97198434535943,1.8399609316521577,1.4437992943921334,0.3961616372600243,103.57975619660843,97.55670852661133,91.53366085661423,152736300.0
2020-10-16 00:00:00-04:00,101.99509803258567,103.52575037035471,101.76405880325241,102.71710205078125,1039400,0.0,0.0,97.91765556335449,96.03468963623047,100.1732991897251,68.44190077920489,1.9434873276562854,1.5437369010449637,0.39975042661132165,104.2607132741795,97.91765556335449,91.57459785252948,153775700.0
2020-10-19 00:00:00-04:00,102.79413221017283,103.60278064487315,101.31161620039369,101.55228424072266,636000,0.0,0.0,98.28042106628418,96.1865219116211,100.38545073603241,62.58746780277763,1.9095298088781334,1.6168954826115978,0.2926343262665356,104.58345400876428,98.28042106628418,91.97738812380408,153139700.0
2020-10-20 00:00:00-04:00,101.93734026612337,102.94814883146904,101.61965673477421,101.66779327392578,771000,0.0,0.0,98.62541847229004,96.35296508789062,100.58273420340062,62.926135105499604,1.8703782875965942,1.6675920436085971,0.20278624398799705,104.87676645651109,98.62541847229004,92.37407048806898,153910700.0
2020-10-21 00:00:00-04:00,101.9662018090133,102.70746325535814,100.23339686504752,100.9168930053711,894000,0.0,0.0,99.01503105163575,96.52053344726562,100.63414324985762,59.17595248846641,1.7584882903819619,1.68577129296327,0.07271699741869186,104.80041100802909,99.01503105163575,93.2296510952424,153016700.0
2020-10-22 00:00:00-04:00,101.38861341939017,103.0925396054657,101.1864531833883,102.78448486328125,1064700,0.0,0.0,99.52541084289551,96.69989273071289,100.96496503653817,64.79552886414223,1.7997671212250737,1.7085704586156307,0.09119666260944292,104.71968586495913,99.52541084289551,94.33113582083189,154081400.0
2020-10-23 00:00:00-04:00,103.2273236239481,103.37171855082757,101.53301881738432,102.2068862915039,833900,0.0,0.0,99.94204521179199,96.84579055786133,101.15602984499444,61.9550406866381,1.765521679593121,1.7199607028111288,0.045560976781992224,104.56124201185678,99.94204521179199,95.32284841172721,153247500.0
2020-10-26 00:00:00-04:00,101.45600567038741,101.86995494121801,99.87722411294159,100.72437286376953,1102000,0.0,0.0,100.19710960388184,96.98894424438477,101.08962107865214,55.25913623895274,1.6003081207791041,1.6960301864047238,-0.09572206562561969,104.37663967172955,100.19710960388184,96.01757953603413,152145500.0
2020-10-27 00:00:00-04:00,101.18645606543978,102.6786006262547,101.18645606543978,102.08174133300781,1111400,0.0,0.0,100.48592872619629,97.15655487060548,101.24225496393763,59.56781052743466,1.5609102745731178,1.6690062040384026,-0.10809592946528479,104.33508814980559,100.48592872619629,96.636769302587,153256900.0
2020-10-28 00:00:00-04:00,100.52221151661355,101.43675435102772,97.78822647936087,97.86524200439453,1180800,0.0,0.0,100.52932929992676,97.23310882568359,100.7227145086233,45.05323742626637,1.1758959440713852,1.570384152044999,-0.39448820797361384,104.23714409934668,100.52932929992676,96.82151450050684,152076100.0
2020-10-29 00:00:00-04:00,98.4524676348471,99.21297943811729,97.00845955525669,98.21179962158203,1421900,0.0,0.0,100.57660598754883,97.31467224121094,100.33641991061695,46.21328486127892,0.8884916381368839,1.434005649263376,-0.545514011126492,104.13801335225176,100.57660598754883,97.0151986228459,153498000.0
2020-10-30 00:00:00-04:00,97.97114289418937,98.5294945119893,96.89295477110616,98.2791976928711,2310000,0.0,0.0,100.68538894653321,97.40104278564453,100.0199241848099,46.45006718178244,0.6585685478564187,1.2789182289819845,-0.6203496811255658,103.79830364776397,100.68538894653321,97.57247424530244,155808000.0
2020-11-02 00:00:00-05:00,99.65579520330441,101.41748660217553,99.43438477184644,101.31159210205078,1572300,0.0,0.0,100.7874309539795,97.53806777954101,100.21864232592388,55.864339968362806,0.7128247285928211,1.1656995289041518,-0.45287480031133076,103.8414077328342,100.7874309539795,97.73345417512479,157380300.0
2020-11-03 00:00:00-05:00,102.4571958550633,104.07448533932906,102.17802005392514,103.03479766845703,1175000,0.0,0.0,101.0473533630371,97.72300979614258,100.65189699400591,60.151555398859514,0.8846734654803328,1.109494316219388,-0.22482085073905522,103.9326420134414,101.0473533630371,98.16206471263281,158555300.0
2020-11-04 00:00:00-05:00,104.03595664602196,105.70138233999498,103.23693717016774,104.44027709960938,1357300,0.0,0.0,101.26924858093261,97.92183990478516,101.23472470256029,63.28419759913205,1.1213490576581364,1.1118652645071376,0.009483793150998787,104.46485964016567,101.26924858093261,98.07363752169955,159912600.0
2020-11-05 00:00:00-05:00,106.44263970913649,107.75187417934906,105.57623346493637,106.22122192382812,1143100,0.0,0.0,101.56671333312988,98.13726181030273,102.00187812121688,66.84138285831195,1.436069418616512,1.1767060953290125,0.25936332328749945,105.38292438722038,101.56671333312988,97.75050227903938,161055700.0
2020-11-06 00:00:00-05:00,106.6255637955711,109.1188810078296,106.21161449900787,108.33911895751953,1036600,0.0,0.0,101.8930591583252,98.40100021362305,102.97683824987882,70.50148101864083,1.8352287876548132,1.3084106337941726,0.5268181538606407,106.71991144790938,101.8930591583252,97.06620686874102,162092300.0
2020-11-09 00:00:00-05:00,111.82398900718118,113.1139660305447,108.19471126071177,108.30060577392578,2177900,0.0,0.0,102.23336334228516,98.64705520629883,103.79587940742451,70.349410143853,2.1239739221114746,1.471523291457633,0.6524506306538416,107.8024601849513,102.23336334228516,96.66426649961902,159914400.0
2020-11-10 00:00:00-05:00,108.60867531944395,108.69531963505091,104.92163909832102,106.08647155761719,2124800,0.0,0.0,102.46344261169433,98.83883377075195,104.14827819976185,62.06142853402118,2.1493678202040627,1.607092197206919,0.5422756229971437,108.26519568557674,102.46344261169433,96.66168953781192,157789600.0
2020-11-11 00:00:00-05:00,106.99136137611126,107.61709962095789,104.77721292345525,105.32594299316406,1792800,0.0,0.0,102.67282333374024,99.00194869995117,104.3294573987468,59.469752460241764,2.084100158921885,1.7024937895499122,0.3816063693719727,108.56965077024483,102.67282333374024,96.77599589723565,155996800.0
2020-11-12 00:00:00-05:00,105.3163124922245,106.86621491477929,104.83497651862622,105.35482025146484,1094300,0.0,0.0,102.87113227844239,99.12143798828124,104.48720552993419,59.53884359936117,2.0115176966544652,1.7642985709708228,0.24721912568364246,108.84809345360432,102.87113227844239,96.89417110328046,157091100.0
2020-11-13 00:00:00-05:00,106.33673952020148,107.3764269576636,105.68212232008872,106.05756378173828,1356800,0.0,0.0,103.03815536499023,99.32762924194336,104.72879910713482,61.26916026915763,1.9877871295248326,1.8089962826816248,0.17879084684320778,109.17316980070876,103.03815536499023,96.9031409292717,158447900.0
2020-11-16 00:00:00-05:00,106.85658522902955,107.32829242265056,105.38369833749579,106.1538314819336,1656100,0.0,0.0,103.26823272705079,99.58955856323242,104.94803485710386,61.511978511608945,1.9542214347291633,1.8380413130911326,0.11618012163803071,109.5073500275898,103.26823272705079,97.02911542651178,160104000.0
2020-11-17 00:00:00-05:00,106.37526481693551,106.6351830468529,105.17192471719642,105.7591552734375,1571500,0.0,0.0,103.47280082702636,99.87626617431641,105.07282261346289,59.85517451460935,1.8741690539724232,1.8452668612673908,0.02890219270503236,109.75673669538006,103.47280082702636,97.18886495867267,158532500.0
2020-11-18 00:00:00-05:00,105.46074300137487,105.77841924714168,101.78333547185747,101.9951171875,2047900,0.0,0.0,103.5267120361328,100.03407272338868,104.59932947100707,46.88506355415421,1.4898267538862626,1.774178839791165,-0.28435208590490246,109.74011699258445,103.5267120361328,97.31330707968117,156484600.0
2020-11-19 00:00:00-05:00,102.75561332178096,104.8927464637508,101.2634760399893,104.62319946289062,1886400,0.0,0.0,103.61864776611328,100.2321403503418,104.60300177745069,54.326781981724636,1.3813733754580397,1.69561774692454,-0.3142443714665002,109.83981077147233,103.61864776611328,97.39748476075424,158371000.0
2020-11-20 00:00:00-05:00,104.58468981477846,108.10807300580538,104.27663505583115,106.75070190429688,2775400,0.0,0.0,103.84583854675293,100.47218185424805,104.93341718158086,59.298258091562076,1.4503759275656876,1.6465693830527695,-0.1961934554870819,110.17511536710798,103.84583854675293,97.51656172639788,161146400.0
2020-11-23 00:00:00-05:00,107.24167652524746,108.22359886415474,105.47035599058007,108.02143859863281,3258700,0.0,0.0,104.2106918334961,100.72187896728515,105.40849739958885,61.96153839034858,1.5892785644908827,1.635111219340392,-0.04583265484950938,110.6189436186499,104.2106918334961,97.8024400483423,164405100.0
2020-11-24 00:00:00-05:00,114.51947406887966,114.51947406887966,107.27055420858234,110.39923858642578,5559900,0.0,0.0,104.62656669616699,101.0008738708496,106.1763037360253,66.39291947750714,1.8696760304586064,1.6820241815640349,0.18765184889457154,111.49147889314864,104.62656669616699,97.76165449918534,169965000.0
2020-11-25 00:00:00-05:00,111.75659021109367,112.59411750456779,109.17663627290699,110.08154296875,2862500,0.0,0.0,105.23738174438476,101.28216339111329,106.7771097718291,65.29836086616935,2.0427105652858586,1.7541614583083995,0.28854910697745906,111.75220256226787,105.23738174438476,98.72256092650166,167102500.0
2020-11-27 00:00:00-05:00,109.52320589082665,110.68804564087014,108.72419359831677,109.83126068115234,983700,0.0,0.0,105.81835479736328,101.56459732055664,107.24697914249421,64.39763885644322,2.1350346415354835,1.8303360949538163,0.3046985465816672,111.77165265991482,105.81835479736328,99.86505693481175,166118800.0
2020-11-30 00:00:00-05:00,109.6387019637495,112.69999889563348,109.42691297088273,112.53634643554688,3778400,0.0,0.0,106.53121223449708,101.90536102294922,108.06072795681001,69.32298931715493,2.398827756992901,1.9440344273616332,0.45479332963126784,112.10504367242586,106.53121223449708,100.95738079656829,169897200.0
2020-12-01 00:00:00-05:00,113.19098916878127,113.96112245486428,110.74580111264181,111.0538558959961,1753700,0.0,0.0,107.01832542419433,102.24049865722657,108.52120917822326,64.09006308716631,2.459904852763259,2.0472085124419586,0.4126963403213004,112.38120283585684,107.01832542419433,101.65544801253182,168143500.0
2020-12-02 00:00:00-05:00,111.31374186971426,111.62179656377418,109.86973411419531,110.2933120727539,1735800,0.0,0.0,107.38125114440918,102.55100799560547,108.79384039276644,61.52421801789916,2.4190540119513315,2.1215776123438332,0.2974763996074983,112.59709265392972,107.38125114440918,102.16540963488863,166407700.0
2020-12-03 00:00:00-05:00,109.88903199778372,111.11162244790616,108.93598858582332,109.3403091430664,1511400,0.0,0.0,107.62625274658203,102.87532135009765,108.8779125081972,58.37074139908462,2.2834577746227325,2.1539536447996133,0.1295041298231192,112.72552872402812,107.62625274658203,102.52697676913593,164896300.0
2020-12-04 00:00:00-05:00,109.3595475281896,110.93832916205835,109.21514524633224,110.85169219970703,1118100,0.0,0.0,107.85777626037597,103.24081741333008,109.18157092227564,61.72164387461368,2.271765265283946,2.17751596889648,0.09424929638746615,113.09934783338518,107.85777626037597,102.61620468736676,166014400.0
2020-12-07 00:00:00-05:00,110.89981768469129,112.09353631978547,109.86013744825476,110.12968444824219,2076700,0.0,0.0,107.9473045349121,103.56592712402343,109.32743454165511,59.26732801162652,2.179119344570779,2.17783664403134,0.00128270053943913,113.27909471379306,107.9473045349121,102.61551435603116,163937700.0
2020-12-08 00:00:00-05:00,110.07191030109864,112.95992623147757,110.06228886944582,112.64225006103516,1320600,0.0,0.0,108.16438674926758,103.90631042480469,109.83740616002127,64.5501672551033,2.2821328248665083,2.1986958801983736,0.08343694466813467,113.87604378606562,108.16438674926758,102.45272971246953,165258300.0
2020-12-09 00:00:00-05:00,112.03575038405526,112.59410183533465,110.20667969371806,112.05500793457031,1717600,0.0,0.0,108.46281356811524,104.22130340576172,110.17857566379804,62.509578267556535,2.2899886546125003,2.216954435081199,0.0730342195313014,114.33057567763726,108.46281356811524,102.59505145859322,163540700.0
2020-12-10 00:00:00-05:00,112.57486153814254,115.42436966308466,111.99725248550757,114.37505340576172,1630500,0.0,0.0,108.91526908874512,104.56885986328125,110.82418762410015,66.95423255513086,2.455121622575632,2.2645878725800856,0.1905337499955464,115.13095028714316,108.91526908874512,102.69958789034708,165171200.0
2020-12-11 00:00:00-05:00,114.24029864340798,114.61574018239541,112.91181376272979,114.0573959350586,1400800,0.0,0.0,109.3503978729248,104.9046824645996,111.32160428732452,65.80391784842239,2.5311805129456246,2.3179064006531935,0.2132741122924311,115.72458637350809,109.3503978729248,102.97620937234151,163770400.0
2020-12-14 00:00:00-05:00,114.18250795146339,115.7516604123986,112.38230895996094,112.38230895996094,1395200,0.0,0.0,109.66663513183593,105.23025787353515,111.48478962157627,59.95436811830779,2.428300277895005,2.339985176101556,0.08831510179344892,115.9832956991614,109.66663513183593,103.34997456451046,162375200.0
2020-12-15 00:00:00-05:00,112.92145781054884,113.63383321872915,112.48825089148562,113.00809478759766,1973800,0.0,0.0,110.00934829711915,105.50500473022461,111.71914426250264,61.33710055526023,2.369943404457203,2.3459768217726853,0.02396658268451768,116.26997958300565,110.00934829711915,103.74871701123264,164349000.0
2020-12-16 00:00:00-05:00,113.19097501745989,113.34499871757805,112.05502176874622,112.86366271972656,1698600,0.0,0.0,110.3645736694336,105.80555099487304,111.89522402515247,60.81516428996277,2.285692658834364,2.333919989185021,-0.04822733035065685,116.42323341018458,110.3645736694336,104.30591392868261,162650400.0
2020-12-17 00:00:00-05:00,113.64343438962128,114.93341136523084,112.67113359728873,114.52909088134766,2166700,0.0,0.0,110.99127235412598,106.09608535766601,112.30043431072096,64.5600166340295,2.3264911284747427,2.332434217042965,-0.005943088568222343,115.95065066694745,110.99127235412598,106.03189404130451,164817100.0
2020-12-18 00:00:00-05:00,114.77939974461584,115.38588053428417,114.01888789081279,114.84678649902344,3911800,0.0,0.0,111.50245170593261,106.38758255004883,112.69218080122903,65.24241236027726,2.357286262184502,2.3374046260712724,0.01988163611322946,115.79345896828022,111.50245170593261,107.21144444358501,168728900.0
2020-12-21 00:00:00-05:00,113.30649887655217,114.02850292379766,111.631451543432,113.38351440429688,2082000,0.0,0.0,111.83409233093262,106.6190087890625,112.79853981708563,59.55446383316608,2.2378215843187093,2.31748801772076,-0.07966643340205071,115.5976884102796,111.83409233093262,108.07049625158564,166646900.0
2020-12-22 00:00:00-05:00,113.59531136437843,114.00926067415149,112.48823694571975,112.98883056640625,1670400,0.0,0.0,112.08246192932128,106.84889495849609,112.8278153169811,58.08354834159785,2.087236911352008,2.2714377964470094,-0.18420088509500143,115.44063464686914,112.08246192932128,108.72428921177342,164976500.0
2020-12-23 00:00:00-05:00,113.59530765581428,114.45208523615835,112.84442459390421,112.92144012451172,1202100,0.0,0.0,112.20857200622558,107.07762603759765,112.84221913352427,57.820949824467036,1.9400954153853434,2.2051693202346763,-0.2650739048493329,115.49305639694508,112.20857200622558,108.92408761550608,163774400.0
2020-12-24 00:00:00-05:00,112.67114255773569,113.95149820312712,112.47860373252352,112.93106079101562,733600,0.0,0.0,112.35104789733887,107.31348068237304,112.85588708083063,57.850246996629906,1.8034717276638048,2.124829801720502,-0.32135807405669725,115.49845757805174,112.35104789733887,109.203638216626,164508000.0
2020-12-28 00:00:00-05:00,114.08626553548542,114.34618375470168,112.31494516240221,113.43164825439453,1003100,0.0,0.0,112.53106727600098,107.5543408203125,112.94446572291739,59.42931467278684,1.7158108955855482,2.043026020493511,-0.3272151249079629,115.48745589978444,112.53106727600098,109.57467865221753,165511100.0
2020-12-29 00:00:00-05:00,114.1344056661937,114.67350705466531,112.46898699013357,112.85405731201172,1007400,0.0,0.0,112.54695281982421,107.75707992553711,112.93055673662421,56.78586501676968,1.5815017252420063,1.95072116144321,-0.3692194362012038,115.5066965978567,112.54695281982421,109.58720904179172,164503700.0
2020-12-30 00:00:00-05:00,113.46055192002514,114.46173194091426,112.95033680289845,113.00809478759766,1127000,0.0,0.0,112.6446647644043,107.9861961364746,112.94248566754321,57.33096211973707,1.4705388208857926,1.8546846933317265,-0.3841458724459339,115.52885536719825,112.6446647644043,109.76047416161035,165630700.0
